Order_ID,Stock_Symbol,Queue_Position,Order_Type,Quantity,Price($),Check_Block,Timestamp
ORD00556,CSCO,34,BUY,312,92.16,SELL,2024-12-17 11:52:43
ORD03492,AEM,25,SELL,417,283.21,BUY,2024-02-09 15:34:07
ORD00528,CSCO,11,BUY,30,91.44,SELL,2024-12-17 12:22:44
ORD03926,HUT,16,SELL,306,425.3,BUY,2024-12-04 11:12:28
ORD02990,BIOX,37,BUY,267,96.5,SELL,2024-05-08 10:24:31
ORD00071,MSFT,25,SELL,458,13.8,BUY,2024-05-08 13:03:11
ORD01757,CHGG,39,SELL,271,302.46,BUY,2024-01-08 14:01:59
ORD00212,META,8,SELL,294,75.75,BUY,2024-03-04 09:42:11
ORD00197,TSLA,4,BUY,468,149.3,SELL,2024-12-23 15:55:05
ORD00804,SNAP,11,BUY,53,369.2,SELL,2024-01-09 13:33:17
ORD03410,BEEF,35,BUY,322,230.03,SELL,2024-10-30 10:56:05
ORD03837,MAG,6,BUY,6,74.73,SELL,2024-12-16 10:34:07
ORD01147,PLTR,24,BUY,148,105.09,SELL,2024-10-08 14:20:20
ORD01499,XPEV,9,BUY,272,367.82,SELL,2024-08-02 13:25:15
ORD03859,RIOT,20,SELL,278,337.84,BUY,2024-01-22 13:52:34
ORD03483,AEM,35,SELL,415,289.14,BUY,2024-02-09 13:49:24
ORD01186,RBLX,22,BUY,111,99.03,SELL,2024-12-20 10:09:08
ORD00472,ORCL,9,SELL,496,29.34,BUY,2024-07-10 09:31:35
ORD00595,QCOM,25,BUY,314,438.14,SELL,2024-01-25 14:06:01
ORD00322,INTC,13,BUY,459,68.97,SELL,2024-07-29 14:12:48
ORD01418,RIVN,2,BUY,166,183.52,SELL,2024-06-26 11:56:27
ORD01675,DKNG,23,SELL,335,212.09,BUY,2024-07-10 11:14:06
ORD03591,AG,31,BUY,74,133.76,SELL,2024-11-12 12:25:50
ORD01704,PENN,33,SELL,349,152.28,BUY,2024-10-15 15:54:22
ORD02541,MELI,8,BUY,366,72.19,SELL,2024-02-16 12:43:11
ORD00206,META,3,SELL,386,77.87,BUY,2024-03-04 13:31:42
ORD03888,MARA,27,BUY,121,131.46,SELL,2024-10-07 10:58:58
ORD03249,BRKM,35,BUY,348,71.46,SELL,2024-09-05 12:16:30
ORD02132,OPEN,9,BUY,184,426.75,SELL,2024-03-25 12:08:38
ORD01256,HOOD,13,SELL,406,60.96,BUY,2024-07-02 10:31:49
ORD02300,HOUS,34,SELL,258,243.01,BUY,2024-09-24 14:45:31
ORD01227,COIN,6,SELL,415,305.79,BUY,2024-09-23 10:34:51
ORD03919,MARA,37,SELL,234,126.64,BUY,2024-10-07 09:36:53
ORD02465,SEA,8,SELL,20,335.11,BUY,2024-04-02 13:37:26
ORD02384,DASH,27,SELL,426,119.99,BUY,2024-12-25 14:56:01
ORD00150,AMZN,6,BUY,309,189.4,SELL,2024-06-10 11:45:14
ORD00870,TWTR,12,BUY,308,338.92,SELL,2024-04-15 09:47:43
ORD01979,FVRR,2,SELL,278,171.6,BUY,2024-04-05 09:31:21
ORD02457,SEA,25,SELL,109,370.6,BUY,2024-04-02 10:05:55
ORD03866,RIOT,27,BUY,335,308.34,SELL,2024-01-22 14:52:54
ORD02213,RDFN,5,BUY,290,463.29,SELL,2024-10-30 11:31:53
ORD01007,ROKU,12,SELL,301,250.43,BUY,2024-05-15 11:28:21
ORD03048,CAAP,7,SELL,105,66.03,BUY,2024-10-11 10:08:04
ORD00706,PYPL,30,BUY,166,96.88,SELL,2024-01-25 12:28:25
ORD03144,PBR,2,BUY,297,258.72,SELL,2024-05-01 11:17:56
ORD03597,AG,10,SELL,307,149.91,BUY,2024-11-12 15:19:14
ORD01988,FVRR,9,BUY,476,174.4,SELL,2024-04-05 14:41:44
ORD00180,TSLA,10,SELL,382,144.87,BUY,2024-12-23 14:35:49
ORD00110,GOOGL,28,SELL,22,507.75,BUY,2024-03-18 11:26:15
ORD03079,CAAP,31,BUY,37,60.64,SELL,2024-10-11 13:40:25
ORD01056,ZM,18,BUY,59,300.05,SELL,2024-11-04 10:02:28
ORD03953,HUT,17,BUY,494,355.0,SELL,2024-12-04 14:11:50
ORD00315,NFLX,30,BUY,424,270.37,SELL,2024-11-05 12:43:54
ORD01823,UPST,30,BUY,215,402.8,SELL,2024-04-10 14:26:55
ORD00568,QCOM,12,SELL,134,472.88,BUY,2024-01-25 14:10:46
ORD00880,TWTR,37,SELL,433,387.7,BUY,2024-04-15 11:25:25
ORD02231,RDFN,30,SELL,349,469.62,BUY,2024-10-30 11:31:17
ORD01412,RIVN,5,SELL,146,202.54,BUY,2024-06-26 10:41:16
ORD03225,BBD,8,BUY,238,148.58,SELL,2024-03-22 15:31:02
ORD03937,HUT,7,BUY,125,367.81,SELL,2024-12-04 11:51:52
ORD03250,BRKM,25,SELL,249,77.07,BUY,2024-09-05 14:46:43
ORD00930,SHOP,36,SELL,425,163.86,BUY,2024-03-29 15:33:46
ORD02579,NU,33,BUY,457,75.6,SELL,2024-09-06 15:35:56
ORD03380,RENT,24,SELL,410,433.24,BUY,2024-12-19 13:20:43
ORD02293,HOUS,36,BUY,381,224.13,SELL,2024-09-24 12:03:52
ORD01503,XPEV,14,SELL,17,382.99,BUY,2024-08-02 15:05:17
ORD03783,GPL,37,SELL,467,72.14,BUY,2024-11-20 15:03:02
ORD00606,ADBE,20,BUY,468,146.28,SELL,2024-01-17 11:47:44
ORD01989,FVRR,17,BUY,412,176.15,SELL,2024-04-05 15:32:58
ORD00015,AAPL,1,BUY,499,170.59,SELL,2024-08-27 09:31:17
ORD01262,HOOD,40,BUY,366,60.56,SELL,2024-07-02 11:42:20
ORD03239,BBD,37,SELL,353,155.62,BUY,2024-03-22 15:00:47
ORD03319,SUZB,40,SELL,64,421.73,BUY,2024-02-05 15:10:09
ORD00009,AAPL,4,SELL,236,158.73,BUY,2024-08-27 15:44:01
ORD00890,SPOT,34,BUY,138,197.77,SELL,2024-12-10 10:41:10
ORD03149,PBR,29,BUY,411,256.1,SELL,2024-05-01 10:36:12
ORD03552,KGC,36,SELL,423,109.71,BUY,2024-02-19 14:04:01
ORD01445,NIO,20,BUY,321,112.21,SELL,2024-02-19 12:19:57
ORD00394,AMD,2,SELL,69,118.8,BUY,2024-04-24 09:49:42
ORD01583,BYND,1,SELL,125,408.67,BUY,2024-09-17 12:05:07
ORD02859,LOMA,22,BUY,257,28.98,SELL,2024-11-06 14:44:11
ORD00539,CSCO,33,BUY,460,98.8,SELL,2024-12-17 13:21:18
ORD01488,XPEV,21,SELL,281,374.77,BUY,2024-08-02 12:13:58
ORD00808,SNAP,14,BUY,388,369.86,SELL,2024-01-09 12:49:02
ORD03415,BEEF,7,BUY,372,225.41,SELL,2024-10-30 11:53:04
ORD00799,LYFT,13,BUY,76,236.91,SELL,2024-09-02 12:46:10
ORD03540,KGC,26,BUY,30,96.31,SELL,2024-02-19 13:40:59
ORD01816,UPST,4,SELL,157,459.64,BUY,2024-04-10 09:43:02
ORD02330,ABNB,18,SELL,45,425.02,BUY,2024-11-06 15:52:22
ORD02648,PAGS,36,BUY,239,72.55,SELL,2024-01-02 11:38:26
ORD01425,RIVN,6,BUY,84,171.44,SELL,2024-06-26 10:04:29
ORD02360,ABNB,17,SELL,249,463.05,BUY,2024-11-06 13:32:06
ORD03322,MGLU,31,BUY,333,218.49,SELL,2024-12-31 13:19:50
ORD00788,LYFT,19,SELL,13,220.91,BUY,2024-09-02 15:46:04
ORD01993,FVRR,6,BUY,116,181.17,SELL,2024-04-05 14:40:21
ORD01117,DOCU,2,SELL,216,58.31,BUY,2024-04-26 09:37:11
ORD01321,SOFI,24,SELL,169,396.21,BUY,2024-05-08 10:37:55
ORD03657,CDE,13,SELL,84,513.27,BUY,2024-05-28 11:35:31
ORD01553,LI,39,SELL,259,161.6,BUY,2024-10-30 09:34:12
ORD00033,AAPL,23,BUY,188,170.55,SELL,2024-08-27 11:47:58
ORD00464,ORCL,16,SELL,437,32.24,BUY,2024-07-10 15:31:35
ORD02516,DIDI,5,SELL,247,512.93,BUY,2024-05-27 10:28:14
ORD02296,HOUS,28,SELL,259,248.52,BUY,2024-09-24 13:11:40
ORD00167,TSLA,6,SELL,303,153.37,BUY,2024-12-23 12:14:03
ORD02863,LOMA,23,SELL,237,29.72,BUY,2024-11-06 11:38:40
ORD00415,BABA,24,BUY,277,440.05,SELL,2024-01-30 15:37:01
ORD00034,AAPL,5,SELL,332,174.39,BUY,2024-08-27 09:38:18
ORD00185,TSLA,28,SELL,41,149.35,BUY,2024-12-23 11:57:30
ORD03023,AGRO,8,BUY,208,91.55,SELL,2024-05-06 11:38:53
ORD03241,BRKM,23,SELL,297,75.31,BUY,2024-09-05 13:22:30
ORD03302,SUZB,27,BUY,104,417.12,SELL,2024-02-05 15:55:40
ORD01953,PTON,16,SELL,153,54.18,BUY,2024-12-26 09:54:29
ORD03750,EXK,13,BUY,169,380.72,SELL,2024-06-14 10:43:07
ORD01622,SPCE,13,SELL,429,272.42,BUY,2024-07-10 11:16:31
ORD01243,HOOD,35,BUY,371,53.57,SELL,2024-07-02 11:05:26
ORD03550,KGC,12,BUY,35,94.32,SELL,2024-02-19 15:09:34
ORD00722,UBER,7,SELL,342,511.96,BUY,2024-03-12 15:44:33
ORD01175,RBLX,26,SELL,81,98.24,BUY,2024-12-20 13:22:02
ORD00671,CRM,11,BUY,279,103.3,SELL,2024-06-10 12:24:55
ORD03332,MGLU,19,SELL,182,234.45,BUY,2024-12-31 12:30:11
ORD01747,CHGG,14,BUY,164,283.12,SELL,2024-01-08 09:47:18
ORD02425,GRAB,1,BUY,46,55.34,SELL,2024-07-18 14:47:36
ORD01557,LI,16,BUY,153,165.5,SELL,2024-10-30 11:51:45
ORD02867,LOMA,37,BUY,172,29.7,SELL,2024-11-06 09:38:45
ORD03537,KGC,33,SELL,482,98.39,BUY,2024-02-19 14:00:54
ORD02585,NU,38,SELL,398,68.78,BUY,2024-09-06 10:07:58
ORD01745,CHGG,19,SELL,421,301.72,BUY,2024-01-08 13:02:33
ORD03868,RIOT,18,SELL,408,330.67,BUY,2024-01-22 14:51:37
ORD00719,PYPL,17,BUY,14,91.38,SELL,2024-01-25 13:37:58
ORD01371,LCID,33,BUY,354,249.61,SELL,2024-03-13 13:33:30
ORD02980,BIOX,22,SELL,8,108.54,BUY,2024-05-08 15:11:28
ORD03931,HUT,40,BUY,157,357.66,SELL,2024-12-04 14:30:43
ORD02021,ETSY,10,SELL,387,312.54,BUY,2024-12-09 10:58:48
ORD02611,STNE,15,SELL,254,368.97,BUY,2024-10-31 11:25:18
ORD01627,SPCE,20,SELL,220,268.33,BUY,2024-07-10 15:39:24
ORD02426,GRAB,11,SELL,41,62.28,BUY,2024-07-18 14:37:22
ORD03054,CAAP,34,BUY,66,61.56,SELL,2024-10-11 09:53:35
ORD03008,AGRO,5,SELL,312,95.32,BUY,2024-05-06 11:03:10
ORD00600,QCOM,14,BUY,404,484.83,SELL,2024-01-25 09:44:07
ORD01748,CHGG,12,BUY,17,280.44,SELL,2024-01-08 15:37:55
ORD02352,ABNB,25,BUY,397,409.59,SELL,2024-11-06 14:38:03
ORD01430,RIVN,38,SELL,442,204.82,BUY,2024-06-26 14:43:14
ORD01115,DOCU,7,BUY,414,54.7,SELL,2024-04-26 15:12:46
ORD00643,CRM,5,BUY,58,105.37,SELL,2024-06-10 14:01:38
ORD00403,BABA,4,BUY,254,439.89,SELL,2024-01-30 11:12:50
ORD00491,IBM,10,BUY,93,272.59,SELL,2024-09-11 10:15:46
ORD02500,DIDI,25,SELL,44,501.84,BUY,2024-05-27 13:40:41
ORD01004,ROKU,18,SELL,207,253.42,BUY,2024-05-15 10:30:18
ORD02115,CVNA,39,SELL,11,295.44,BUY,2024-03-01 15:02:50
ORD03485,AEM,34,SELL,245,287.41,BUY,2024-02-09 14:13:19
ORD01879,LMND,13,BUY,156,314.66,SELL,2024-04-02 13:38:54
ORD02474,SEA,9,BUY,118,340.01,SELL,2024-04-02 10:09:05
ORD00271,NVDA,27,BUY,37,88.3,SELL,2024-11-05 15:50:29
ORD02342,ABNB,11,BUY,370,409.7,SELL,2024-11-06 14:50:17
ORD03059,CAAP,16,SELL,250,65.47,BUY,2024-10-11 14:09:49
ORD03199,ITUB,12,SELL,84,112.36,BUY,2024-03-29 13:26:29
ORD01045,ZM,22,SELL,262,289.35,BUY,2024-11-04 12:24:09
ORD03498,AEM,18,SELL,196,298.58,BUY,2024-02-09 15:01:43
ORD02794,DESP,14,SELL,499,174.6,BUY,2024-08-08 14:54:21
ORD02393,DASH,22,SELL,464,118.5,BUY,2024-12-25 15:50:56
ORD03471,GOLD,20,BUY,191,346.33,SELL,2024-05-07 13:48:13
ORD03838,MAG,17,SELL,34,88.35,BUY,2024-12-16 14:58:26
ORD02359,ABNB,2,BUY,187,442.31,SELL,2024-11-06 11:16:50
ORD02335,ABNB,24,BUY,240,410.63,SELL,2024-11-06 13:40:29
ORD00018,AAPL,13,SELL,381,182.34,BUY,2024-08-27 12:58:04
ORD03655,CDE,9,BUY,68,492.35,SELL,2024-05-28 15:57:31
ORD01211,COIN,32,BUY,343,290.13,SELL,2024-09-23 12:21:36
ORD02118,CVNA,34,SELL,336,312.98,BUY,2024-03-01 15:26:25
ORD00230,META,2,SELL,234,71.24,BUY,2024-03-04 10:46:53
ORD01118,DOCU,12,SELL,470,56.67,BUY,2024-04-26 14:48:59
ORD01293,AFRM,12,SELL,157,424.73,BUY,2024-04-02 14:58:03
ORD00496,IBM,21,BUY,212,271.42,SELL,2024-09-11 10:22:56
ORD03545,KGC,7,BUY,278,103.48,SELL,2024-02-19 09:56:59
ORD00462,ORCL,28,SELL,218,30.89,BUY,2024-07-10 10:49:45
ORD02904,CEPU,23,SELL,445,454.84,BUY,2024-09-13 10:18:02
ORD01564,BYND,32,BUY,275,390.6,SELL,2024-09-17 12:11:15
ORD02554,MELI,24,BUY,37,68.28,SELL,2024-02-16 09:49:11
ORD00319,NFLX,29,SELL,493,293.48,BUY,2024-11-05 15:48:43
ORD02454,SEA,14,BUY,459,348.75,SELL,2024-04-02 09:53:35
ORD03266,BRKM,30,BUY,74,73.49,SELL,2024-09-05 10:33:27
ORD02453,SEA,39,SELL,250,366.57,BUY,2024-04-02 12:12:51
ORD01492,XPEV,3,BUY,482,375.79,SELL,2024-08-02 15:26:23
ORD03573,AG,34,BUY,343,140.26,SELL,2024-11-12 12:55:56
ORD01290,AFRM,27,BUY,144,385.46,SELL,2024-04-02 12:55:30
ORD03323,MGLU,17,BUY,206,237.28,SELL,2024-12-31 09:57:30
ORD03519,AEM,11,SELL,36,274.19,BUY,2024-02-09 10:14:30
ORD03394,RENT,18,BUY,141,382.72,SELL,2024-12-19 14:18:45
ORD02234,RDFN,38,BUY,61,467.54,SELL,2024-10-30 14:47:55
ORD00658,CRM,38,BUY,71,98.82,SELL,2024-06-10 14:03:42
ORD01057,ZM,13,SELL,131,283.58,BUY,2024-11-04 13:02:22
ORD02120,CVNA,6,BUY,422,307.54,SELL,2024-03-01 14:14:18
ORD03195,ITUB,22,BUY,259,104.41,SELL,2024-03-29 09:58:22
ORD03895,MARA,40,BUY,86,128.97,SELL,2024-10-07 12:37:53
ORD01663,DKNG,2,BUY,427,210.27,SELL,2024-07-10 14:27:37
ORD01331,SOFI,13,SELL,197,401.64,BUY,2024-05-08 13:13:09
ORD01179,RBLX,17,SELL,335,92.46,BUY,2024-12-20 14:44:30
ORD03721,EXK,31,SELL,25,387.5,BUY,2024-06-14 14:35:49
ORD02158,OPEN,2,BUY,249,479.4,SELL,2024-03-25 10:05:06
ORD00299,NFLX,18,SELL,401,267.73,BUY,2024-11-05 15:42:43
ORD00094,GOOGL,6,BUY,475,473.05,SELL,2024-03-18 13:23:59
ORD02405,GRAB,5,BUY,433,61.53,SELL,2024-07-18 12:09:14
ORD03549,KGC,24,BUY,412,98.32,SELL,2024-02-19 13:55:15
ORD01576,BYND,21,BUY,217,356.64,SELL,2024-09-17 10:31:13
ORD03746,EXK,1,SELL,376,399.91,BUY,2024-06-14 13:52:51
ORD02887,CEPU,20,BUY,161,426.95,SELL,2024-09-13 11:29:08
ORD01794,DUOL,15,SELL,11,310.68,BUY,2024-09-16 13:10:15
ORD00024,AAPL,7,BUY,1,153.47,SELL,2024-08-27 11:38:44
ORD03351,MGLU,7,BUY,30,232.46,SELL,2024-12-31 11:37:50
ORD03624,HL,39,BUY,287,111.07,SELL,2024-07-10 10:25:20
ORD01732,CHGG,13,SELL,55,309.01,BUY,2024-01-08 15:13:21
ORD01085,DOCU,28,BUY,401,55.19,SELL,2024-04-26 14:47:32
ORD03992,BITF,32,SELL,301,298.68,BUY,2024-04-15 13:59:45
ORD02666,PAGS,11,BUY,470,72.19,SELL,2024-01-02 15:56:44
ORD02379,DASH,3,BUY,489,121.94,SELL,2024-12-25 12:55:03
ORD01273,HOOD,1,BUY,427,60.65,SELL,2024-07-02 14:56:17
ORD00306,NFLX,1,SELL,464,278.86,BUY,2024-11-05 14:12:53
ORD02903,CEPU,4,SELL,228,454.64,BUY,2024-09-13 13:16:04
ORD02762,DESP,31,SELL,194,196.48,BUY,2024-08-08 13:04:08
ORD00599,QCOM,18,BUY,120,474.21,SELL,2024-01-25 10:31:52
ORD03880,RIOT,39,BUY,383,331.07,SELL,2024-01-22 09:32:13
ORD00872,TWTR,13,SELL,152,374.63,BUY,2024-04-15 13:59:28
ORD02546,MELI,16,SELL,210,72.88,BUY,2024-02-16 10:58:08
ORD02122,OPEN,26,BUY,308,452.96,SELL,2024-03-25 15:09:36
ORD01361,LCID,23,BUY,390,228.73,SELL,2024-03-13 13:44:10
ORD01937,PTON,38,SELL,455,48.77,BUY,2024-12-26 10:43:05
ORD02759,ARCO,37,BUY,422,471.38,SELL,2024-10-17 14:18:33
ORD03645,CDE,39,SELL,408,484.04,BUY,2024-05-28 14:27:28
ORD01540,LI,6,SELL,47,161.81,BUY,2024-10-30 15:55:18
ORD02211,RDFN,22,BUY,499,459.7,SELL,2024-10-30 11:12:35
ORD01053,ZM,20,SELL,25,314.52,BUY,2024-11-04 15:54:11
ORD01567,BYND,16,BUY,15,367.88,SELL,2024-09-17 12:29:26
ORD03247,BRKM,4,SELL,117,74.87,BUY,2024-09-05 11:11:11
ORD01927,PTON,14,BUY,469,52.15,SELL,2024-12-26 13:12:48
ORD02024,ETSY,40,BUY,297,296.43,SELL,2024-12-09 09:44:56
ORD00409,BABA,18,SELL,214,456.4,BUY,2024-01-30 11:55:27
ORD00100,GOOGL,17,SELL,232,497.04,BUY,2024-03-18 11:20:36
ORD01212,COIN,31,BUY,204,297.92,SELL,2024-09-23 14:08:39
ORD01433,RIVN,20,SELL,444,192.4,BUY,2024-06-26 12:31:54
ORD00316,NFLX,16,BUY,95,288.19,SELL,2024-11-05 11:44:23
ORD01174,RBLX,2,BUY,463,93.48,SELL,2024-12-20 14:22:24
ORD01236,COIN,3,SELL,490,335.01,BUY,2024-09-23 15:16:19
ORD03160,PBR,38,SELL,242,270.26,BUY,2024-05-01 15:06:52
ORD02733,ARCO,19,SELL,77,509.12,BUY,2024-10-17 11:59:17
ORD03973,BITF,14,BUY,188,273.26,SELL,2024-04-15 13:48:33
ORD03641,CDE,19,SELL,70,458.83,BUY,2024-05-28 11:14:18
ORD00752,UBER,32,BUY,217,497.37,SELL,2024-03-12 14:10:22
ORD03116,VALE,15,BUY,466,105.65,SELL,2024-05-31 14:47:57
ORD00157,AMZN,25,SELL,406,194.59,BUY,2024-06-10 15:34:11
ORD02562,NU,12,BUY,431,71.75,SELL,2024-09-06 14:22:35
ORD00121,AMZN,31,SELL,476,202.23,BUY,2024-06-10 10:45:17
ORD01455,NIO,12,BUY,307,108.8,SELL,2024-02-19 10:21:33
ORD00512,IBM,14,BUY,274,288.07,SELL,2024-09-11 13:51:14
ORD01518,XPEV,16,BUY,215,372.1,SELL,2024-08-02 09:56:02
ORD03505,AEM,30,BUY,19,282.64,SELL,2024-02-09 13:40:53
ORD02017,ETSY,25,BUY,34,287.77,SELL,2024-12-09 15:01:37
ORD03441,GOLD,11,SELL,224,396.72,BUY,2024-05-07 12:27:57
ORD02847,LOMA,18,SELL,85,30.14,BUY,2024-11-06 10:24:58
ORD01603,SPCE,30,SELL,440,248.34,BUY,2024-07-10 14:50:49
ORD03779,GPL,35,BUY,49,71.65,SELL,2024-11-20 14:03:17
ORD03804,MAG,29,SELL,213,80.33,BUY,2024-12-16 13:07:44
ORD00677,CRM,16,SELL,262,114.8,BUY,2024-06-10 15:29:51
ORD00241,NVDA,31,SELL,449,91.5,BUY,2024-11-05 09:47:54
ORD01024,ROKU,21,BUY,46,245.74,SELL,2024-05-15 12:13:40
ORD02217,RDFN,32,SELL,398,451.35,BUY,2024-10-30 11:45:25
ORD01512,XPEV,29,SELL,195,360.15,BUY,2024-08-02 15:17:43
ORD02814,VIST,7,BUY,492,289.67,SELL,2024-04-09 13:00:12
ORD03226,BBD,29,SELL,21,156.67,BUY,2024-03-22 13:36:26
ORD03800,GPL,14,BUY,454,68.96,SELL,2024-11-20 15:07:50
ORD03764,GPL,6,SELL,382,71.46,BUY,2024-11-20 14:53:46
ORD02883,CEPU,27,BUY,360,444.4,SELL,2024-09-13 09:39:46
ORD00487,IBM,30,BUY,414,259.13,SELL,2024-09-11 11:57:59
ORD03362,RENT,35,SELL,121,426.64,BUY,2024-12-19 10:52:32
ORD01874,LMND,29,BUY,77,283.32,SELL,2024-04-02 13:18:12
ORD02462,SEA,1,BUY,499,331.51,SELL,2024-04-02 14:44:55
ORD02438,GRAB,38,BUY,15,56.49,SELL,2024-07-18 13:02:58
ORD00355,INTC,7,SELL,471,81.4,BUY,2024-07-29 11:11:43
ORD01018,ROKU,27,SELL,417,274.43,BUY,2024-05-15 10:47:52
ORD03664,CDE,15,SELL,40,470.84,BUY,2024-05-28 12:15:29
ORD01742,CHGG,6,SELL,252,318.51,BUY,2024-01-08 11:06:42
ORD02331,ABNB,10,BUY,20,435.47,SELL,2024-11-06 12:47:34
ORD02404,GRAB,32,SELL,306,62.79,BUY,2024-07-18 14:12:42
ORD01221,COIN,12,BUY,213,306.75,SELL,2024-09-23 14:32:36
ORD00052,MSFT,26,BUY,175,12.7,SELL,2024-05-08 15:38:46
ORD02723,ARCO,10,BUY,205,472.31,SELL,2024-10-17 14:16:24
ORD01721,CHGG,10,BUY,481,305.51,SELL,2024-01-08 13:36:43
ORD00074,MSFT,4,SELL,209,13.52,BUY,2024-05-08 15:03:47
ORD01689,PENN,2,SELL,452,134.79,BUY,2024-10-15 14:32:11
ORD02586,NU,1,SELL,265,72.46,BUY,2024-09-06 10:04:04
ORD00439,BABA,5,BUY,479,436.41,SELL,2024-01-30 11:52:42
ORD01475,NIO,3,SELL,474,112.66,BUY,2024-02-19 09:32:07
ORD02761,DESP,40,SELL,405,193.27,BUY,2024-08-08 15:30:09
ORD00803,SNAP,22,SELL,401,423.76,BUY,2024-01-09 12:01:41
ORD00466,ORCL,3,BUY,173,30.95,SELL,2024-07-10 15:14:49
ORD03085,VALE,3,BUY,65,114.13,SELL,2024-05-31 12:34:44
ORD01065,ZM,33,SELL,20,290.39,BUY,2024-11-04 11:40:46
ORD03911,MARA,31,SELL,351,128.76,BUY,2024-10-07 12:34:42
ORD00158,AMZN,38,SELL,248,194.36,BUY,2024-06-10 13:05:43
ORD02004,ETSY,34,SELL,85,336.29,BUY,2024-12-09 11:26:15
ORD01654,DKNG,25,SELL,240,196.75,BUY,2024-07-10 13:52:57
ORD00053,MSFT,34,BUY,253,14.21,SELL,2024-05-08 09:48:40
ORD01345,SOFI,8,BUY,405,370.41,SELL,2024-05-08 10:48:04
ORD00221,META,21,SELL,32,72.55,BUY,2024-03-04 11:20:00
ORD00565,QCOM,2,SELL,475,502.55,BUY,2024-01-25 09:39:18
ORD00027,AAPL,16,SELL,42,169.53,BUY,2024-08-27 12:50:21
ORD01584,BYND,34,BUY,275,388.78,SELL,2024-09-17 13:25:39
ORD02015,ETSY,5,SELL,409,328.79,BUY,2024-12-09 14:35:12
ORD00215,META,12,BUY,168,71.31,SELL,2024-03-04 11:26:09
ORD02058,WMT,26,BUY,46,140.94,SELL,2024-02-23 14:14:03
ORD00938,SHOP,1,SELL,129,169.87,BUY,2024-03-29 15:28:11
ORD00552,CSCO,27,SELL,142,100.48,BUY,2024-12-17 11:36:15
ORD03027,AGRO,12,SELL,307,102.95,BUY,2024-05-06 09:59:17
ORD02587,NU,14,SELL,26,74.56,BUY,2024-09-06 13:44:19
ORD00326,INTC,9,BUY,111,71.98,SELL,2024-07-29 09:46:56
ORD03271,BRKM,19,BUY,194,75.0,SELL,2024-09-05 13:00:35
ORD03976,BITF,18,SELL,233,266.91,BUY,2024-04-15 09:53:11
ORD01671,DKNG,5,BUY,493,209.6,SELL,2024-07-10 14:53:57
ORD00830,SNAP,40,SELL,408,392.66,BUY,2024-01-09 13:30:09
ORD03117,VALE,18,SELL,474,115.72,BUY,2024-05-31 15:26:37
ORD00753,UBER,25,BUY,323,484.76,SELL,2024-03-12 13:19:33
ORD03703,FSM,33,BUY,347,125.92,SELL,2024-09-23 15:17:13
ORD03238,BBD,26,SELL,187,160.78,BUY,2024-03-22 13:40:46
ORD02477,SEA,15,SELL,135,336.2,BUY,2024-04-02 15:42:15
ORD00045,MSFT,8,BUY,260,13.82,SELL,2024-05-08 14:45:57
ORD03988,BITF,23,SELL,23,301.58,BUY,2024-04-15 10:02:08
ORD01554,LI,3,SELL,11,173.52,BUY,2024-10-30 14:22:37
ORD00502,IBM,3,BUY,300,278.34,SELL,2024-09-11 15:41:48
ORD02399,DASH,31,SELL,180,118.59,BUY,2024-12-25 11:25:32
ORD00977,SQ,29,SELL,459,25.58,BUY,2024-02-08 11:54:27
ORD02528,MELI,33,SELL,452,70.92,BUY,2024-02-16 10:33:33
ORD01193,RBLX,4,BUY,57,89.57,SELL,2024-12-20 10:41:54
ORD00811,SNAP,27,SELL,174,443.13,BUY,2024-01-09 11:39:31
ORD01000,SQ,39,SELL,100,26.16,BUY,2024-02-08 13:55:43
ORD00569,QCOM,33,BUY,42,457.11,SELL,2024-01-25 12:53:22
ORD02793,DESP,22,SELL,213,180.96,BUY,2024-08-08 11:52:47
ORD03809,MAG,24,SELL,421,80.43,BUY,2024-12-16 14:01:00
ORD02032,ETSY,15,BUY,76,288.09,SELL,2024-12-09 14:22:07
ORD00367,AMD,36,BUY,271,104.25,SELL,2024-04-24 10:52:09
ORD00458,ORCL,22,BUY,332,29.65,SELL,2024-07-10 12:59:07
ORD00257,NVDA,4,SELL,15,100.15,BUY,2024-11-05 10:05:58
ORD02187,EXPI,32,BUY,444,326.62,SELL,2024-02-14 14:22:25
ORD02271,COMP,19,SELL,384,474.16,BUY,2024-10-14 14:23:39
ORD01477,NIO,31,SELL,316,120.97,BUY,2024-02-19 12:55:11
ORD00577,QCOM,36,BUY,45,429.07,SELL,2024-01-25 13:11:16
ORD02340,ABNB,7,SELL,330,424.94,BUY,2024-11-06 13:36:21
ORD02141,OPEN,22,BUY,364,433.22,SELL,2024-03-25 13:25:33
ORD02283,HOUS,5,BUY,66,223.06,SELL,2024-09-24 12:04:42
ORD03737,EXK,38,SELL,281,412.39,BUY,2024-06-14 13:26:28
ORD01765,DUOL,21,BUY,326,305.43,SELL,2024-09-16 10:36:24
ORD02305,HOUS,4,SELL,105,241.21,BUY,2024-09-24 10:23:30
ORD02894,CEPU,14,BUY,166,437.2,SELL,2024-09-13 11:43:14
ORD00292,NFLX,8,SELL,425,301.54,BUY,2024-11-05 13:03:12
ORD00730,UBER,24,BUY,236,466.39,SELL,2024-03-12 09:55:39
ORD01614,SPCE,5,BUY,343,235.31,SELL,2024-07-10 10:42:52
ORD00135,AMZN,23,BUY,470,185.23,SELL,2024-06-10 12:26:42
ORD01511,XPEV,7,BUY,187,349.85,SELL,2024-08-02 09:35:48
ORD03222,BBD,16,BUY,354,156.07,SELL,2024-03-22 13:36:53
ORD00681,PYPL,28,BUY,16,90.25,SELL,2024-01-25 13:06:50
ORD03474,GOLD,31,SELL,465,386.65,BUY,2024-05-07 12:51:41
ORD00264,NVDA,8,SELL,335,98.14,BUY,2024-11-05 13:42:05
ORD02429,GRAB,20,BUY,141,62.45,SELL,2024-07-18 15:54:20
ORD03350,MGLU,40,BUY,442,244.9,SELL,2024-12-31 14:52:27
ORD02242,COMP,7,BUY,431,431.46,SELL,2024-10-14 15:50:36
ORD00765,LYFT,35,BUY,160,217.62,SELL,2024-09-02 09:59:55
ORD00057,MSFT,29,SELL,184,13.06,BUY,2024-05-08 12:44:14
ORD02785,DESP,11,BUY,54,178.26,SELL,2024-08-08 10:08:56
ORD00683,PYPL,10,BUY,376,91.15,SELL,2024-01-25 14:49:22
ORD01294,AFRM,18,SELL,445,393.61,BUY,2024-04-02 10:54:00
ORD02186,EXPI,8,BUY,444,350.33,SELL,2024-02-14 11:24:31
ORD01310,AFRM,28,BUY,290,385.98,SELL,2024-04-02 12:44:00
ORD03401,BEEF,4,SELL,31,217.58,BUY,2024-10-30 15:34:11
ORD00545,CSCO,17,BUY,249,101.45,SELL,2024-12-17 10:06:50
ORD01861,LMND,37,SELL,135,306.18,BUY,2024-04-02 14:06:58
ORD02709,GLOB,39,BUY,200,51.25,SELL,2024-04-02 11:45:45
ORD03932,HUT,30,SELL,255,403.13,BUY,2024-12-04 11:32:32
ORD01729,CHGG,20,SELL,220,319.73,BUY,2024-01-08 10:35:06
ORD02346,ABNB,22,SELL,182,465.92,BUY,2024-11-06 10:41:18
ORD00839,SNAP,13,BUY,230,419.45,SELL,2024-01-09 11:04:24
ORD00171,TSLA,22,SELL,336,141.85,BUY,2024-12-23 09:40:57
ORD02025,ETSY,38,BUY,366,317.79,SELL,2024-12-09 11:26:56
ORD03847,RIOT,37,SELL,236,358.97,BUY,2024-01-22 11:04:22
ORD03585,AG,21,BUY,293,127.32,SELL,2024-11-12 11:55:19
ORD01551,LI,23,BUY,105,163.63,SELL,2024-10-30 14:37:02
ORD01589,BYND,31,SELL,213,387.66,BUY,2024-09-17 09:59:07
ORD02764,DESP,27,BUY,205,177.07,SELL,2024-08-08 09:33:08
ORD00189,TSLA,33,SELL,257,153.29,BUY,2024-12-23 11:06:03
ORD00013,AAPL,6,SELL,482,163.88,BUY,2024-08-27 15:26:47
ORD03839,MAG,7,BUY,84,83.0,SELL,2024-12-16 12:05:32
ORD00323,INTC,8,SELL,432,78.18,BUY,2024-07-29 10:11:47
ORD00986,SQ,13,SELL,483,23.85,BUY,2024-02-08 10:09:04
ORD03630,HL,32,BUY,257,116.42,SELL,2024-07-10 10:59:39
ORD00433,BABA,3,SELL,32,424.02,BUY,2024-01-30 11:54:32
ORD01092,DOCU,35,BUY,297,54.82,SELL,2024-04-26 15:47:55
ORD02895,CEPU,5,BUY,23,437.43,SELL,2024-09-13 10:27:08
ORD02837,VIST,23,BUY,66,314.92,SELL,2024-04-09 14:37:22
ORD02892,CEPU,11,BUY,335,450.18,SELL,2024-09-13 10:28:17
ORD02239,RDFN,16,SELL,124,443.7,BUY,2024-10-30 13:56:52
ORD03124,PBR,28,SELL,298,298.92,BUY,2024-05-01 14:31:39
ORD03685,FSM,16,BUY,403,120.05,SELL,2024-09-23 09:30:00
ORD01806,UPST,11,SELL,31,441.62,BUY,2024-04-10 13:31:27
ORD01316,AFRM,30,SELL,302,393.29,BUY,2024-04-02 10:37:38
ORD02958,IRSA,20,SELL,339,51.17,BUY,2024-02-01 12:29:19
ORD01097,DOCU,21,SELL,378,60.09,BUY,2024-04-26 13:40:35
ORD01946,PTON,11,BUY,44,49.74,SELL,2024-12-26 09:53:57
ORD01033,ROKU,23,SELL,247,256.6,BUY,2024-05-15 15:13:47
ORD01019,ROKU,2,BUY,433,238.87,SELL,2024-05-15 14:08:05
ORD00239,META,27,SELL,440,71.67,BUY,2024-03-04 11:13:46
ORD00175,TSLA,40,BUY,23,135.75,SELL,2024-12-23 14:53:22
ORD02241,COMP,10,BUY,427,472.0,SELL,2024-10-14 11:52:30
ORD02568,NU,2,BUY,261,68.51,SELL,2024-09-06 15:47:31
ORD00819,SNAP,5,SELL,331,425.86,BUY,2024-01-09 14:53:17
ORD00991,SQ,18,SELL,164,24.42,BUY,2024-02-08 12:08:46
ORD01917,ROOT,13,SELL,203,322.7,BUY,2024-08-27 11:42:16
ORD01114,DOCU,32,SELL,129,54.6,BUY,2024-04-26 12:59:36
ORD01379,LCID,18,BUY,45,241.14,SELL,2024-03-13 11:15:05
ORD01427,RIVN,13,BUY,139,183.66,SELL,2024-06-26 10:46:35
ORD00411,BABA,7,BUY,419,392.21,SELL,2024-01-30 14:48:04
ORD01139,PLTR,13,SELL,235,107.46,BUY,2024-10-08 12:54:27
ORD00818,SNAP,6,SELL,3,385.64,BUY,2024-01-09 14:20:06
ORD02963,BIOX,1,SELL,248,98.51,BUY,2024-05-08 12:50:55
ORD01733,CHGG,35,BUY,104,283.74,SELL,2024-01-08 13:41:04
ORD02349,ABNB,34,SELL,205,418.88,BUY,2024-11-06 12:19:16
ORD01451,NIO,5,SELL,311,122.53,BUY,2024-02-19 13:56:18
ORD00228,META,15,SELL,363,72.64,BUY,2024-03-04 12:40:17
ORD02701,GLOB,2,BUY,44,44.24,SELL,2024-04-02 14:12:10
ORD01581,BYND,18,SELL,203,386.74,BUY,2024-09-17 14:54:37
ORD01162,RBLX,5,SELL,129,94.01,BUY,2024-12-20 13:49:35
ORD00352,INTC,21,BUY,233,77.97,SELL,2024-07-29 09:43:27
ORD01394,LCID,27,SELL,486,236.47,BUY,2024-03-13 12:47:51
ORD01264,HOOD,24,SELL,148,62.34,BUY,2024-07-02 14:53:26
ORD01238,COIN,4,SELL,413,318.7,BUY,2024-09-23 15:51:25
ORD01201,COIN,26,BUY,269,323.76,SELL,2024-09-23 12:47:07
ORD02179,EXPI,36,BUY,131,334.67,SELL,2024-02-14 12:07:00
ORD02467,SEA,4,BUY,420,324.36,SELL,2024-04-02 10:31:20
ORD02011,ETSY,33,BUY,468,298.9,SELL,2024-12-09 12:17:34
ORD01378,LCID,11,SELL,63,248.3,BUY,2024-03-13 11:53:28
ORD00070,MSFT,27,BUY,183,14.29,SELL,2024-05-08 15:18:38
ORD03598,AG,2,SELL,121,149.11,BUY,2024-11-12 15:33:14
ORD00046,MSFT,19,SELL,128,14.66,BUY,2024-05-08 10:30:44
ORD01069,ZM,10,BUY,36,263.5,SELL,2024-11-04 13:51:10
ORD03494,AEM,39,BUY,274,257.55,SELL,2024-02-09 14:38:13
ORD00184,TSLA,8,SELL,11,136.71,BUY,2024-12-23 14:52:36
ORD02251,COMP,28,BUY,234,443.23,SELL,2024-10-14 11:08:08
ORD01414,RIVN,15,SELL,339,178.2,BUY,2024-06-26 12:32:18
ORD01587,BYND,30,BUY,343,340.12,SELL,2024-09-17 10:24:06
ORD01271,HOOD,27,SELL,256,56.34,BUY,2024-07-02 12:54:55
ORD01415,RIVN,19,SELL,312,204.35,BUY,2024-06-26 09:41:33
ORD00140,AMZN,36,BUY,378,180.08,SELL,2024-06-10 12:48:21
ORD03354,MGLU,20,BUY,200,227.67,SELL,2024-12-31 09:33:06
ORD03212,BBD,38,SELL,186,155.73,BUY,2024-03-22 14:42:38
ORD00310,NFLX,9,BUY,269,276.77,SELL,2024-11-05 11:51:31
ORD00267,NVDA,14,SELL,138,91.53,BUY,2024-11-05 11:54:06
ORD03151,PBR,22,BUY,423,281.68,SELL,2024-05-01 13:26:39
ORD02169,EXPI,22,SELL,76,351.83,BUY,2024-02-14 11:44:47
ORD03208,BBD,24,SELL,108,167.83,BUY,2024-03-22 10:53:01
ORD00064,MSFT,20,SELL,72,14.87,BUY,2024-05-08 13:19:55
ORD02572,NU,34,BUY,181,67.5,SELL,2024-09-06 14:11:32
ORD01992,FVRR,36,SELL,181,169.09,BUY,2024-04-05 09:35:07
ORD01579,BYND,29,SELL,492,360.12,BUY,2024-09-17 11:58:26
ORD02683,GLOB,10,SELL,324,52.4,BUY,2024-04-02 14:43:40
ORD00145,AMZN,40,BUY,425,188.86,SELL,2024-06-10 10:37:50
ORD03457,GOLD,14,BUY,376,331.73,SELL,2024-05-07 15:31:28
ORD03402,BEEF,37,BUY,399,199.4,SELL,2024-10-30 10:32:51
ORD03993,BITF,40,BUY,356,254.74,SELL,2024-04-15 15:10:10
ORD01406,RIVN,14,SELL,293,200.66,BUY,2024-06-26 13:30:00
ORD03667,CDE,18,BUY,191,491.66,SELL,2024-05-28 12:28:54
ORD02580,NU,19,SELL,93,77.85,BUY,2024-09-06 10:21:15
ORD00777,LYFT,23,BUY,421,222.81,SELL,2024-09-02 10:45:51
ORD02172,EXPI,13,SELL,299,349.52,BUY,2024-02-14 11:54:41
ORD03025,AGRO,6,BUY,100,89.47,SELL,2024-05-06 14:52:09
ORD01965,FVRR,15,BUY,329,162.31,SELL,2024-04-05 10:41:21
ORD00970,SQ,7,SELL,492,27.04,BUY,2024-02-08 09:49:58
ORD02282,HOUS,32,BUY,258,211.34,SELL,2024-09-24 09:51:05
ORD00252,NVDA,13,BUY,90,93.06,SELL,2024-11-05 13:32:51
ORD03615,HL,25,SELL,72,114.1,BUY,2024-07-10 11:39:55
ORD00865,TWTR,2,SELL,88,377.18,BUY,2024-04-15 10:23:39
ORD00810,SNAP,1,BUY,283,388.52,SELL,2024-01-09 15:59:34
ORD01599,BYND,12,BUY,215,380.24,SELL,2024-09-17 10:59:14
ORD02593,NU,4,SELL,93,77.55,BUY,2024-09-06 15:58:53
ORD03493,AEM,27,BUY,208,250.07,SELL,2024-02-09 15:00:48
ORD01299,AFRM,11,SELL,472,395.02,BUY,2024-04-02 09:34:58
ORD03871,RIOT,32,BUY,384,357.02,SELL,2024-01-22 14:09:01
ORD00280,NVDA,2,SELL,55,95.83,BUY,2024-11-05 09:48:27
ORD01462,NIO,40,BUY,390,119.74,SELL,2024-02-19 12:30:20
ORD01423,RIVN,4,BUY,278,183.76,SELL,2024-06-26 13:04:07
ORD03284,SUZB,38,BUY,175,414.13,SELL,2024-02-05 14:46:11
ORD01573,BYND,39,SELL,183,408.19,BUY,2024-09-17 13:00:43
ORD00359,INTC,38,SELL,209,81.93,BUY,2024-07-29 14:12:02
ORD03928,HUT,6,BUY,98,392.0,SELL,2024-12-04 13:28:58
ORD00300,NFLX,15,BUY,146,269.05,SELL,2024-11-05 13:56:24
ORD01076,ZM,24,BUY,434,291.89,SELL,2024-11-04 12:46:42
ORD01030,ROKU,26,BUY,200,259.5,SELL,2024-05-15 09:30:28
ORD00535,CSCO,38,SELL,248,97.69,BUY,2024-12-17 12:17:50
ORD03318,SUZB,14,BUY,231,401.18,SELL,2024-02-05 13:06:22
ORD03253,BRKM,33,BUY,238,65.37,SELL,2024-09-05 10:40:55
ORD01771,DUOL,16,BUY,137,296.87,SELL,2024-09-16 09:42:49
ORD02919,CEPU,34,BUY,416,423.98,SELL,2024-09-13 12:32:44
ORD00416,BABA,15,BUY,155,415.83,SELL,2024-01-30 14:53:56
ORD00840,SNAP,29,SELL,425,392.39,BUY,2024-01-09 11:46:42
ORD02628,STNE,39,BUY,61,311.49,SELL,2024-10-31 10:56:31
ORD03805,MAG,11,SELL,160,86.31,BUY,2024-12-16 14:47:00
ORD01043,ZM,30,SELL,113,284.55,BUY,2024-11-04 13:26:26
ORD01498,XPEV,18,BUY,283,340.98,SELL,2024-08-02 11:14:31
ORD01399,LCID,36,BUY,23,249.37,SELL,2024-03-13 13:37:53
ORD00309,NFLX,24,BUY,430,261.55,SELL,2024-11-05 14:36:11
ORD01533,LI,32,SELL,3,176.49,BUY,2024-10-30 13:01:07
ORD02488,DIDI,17,SELL,189,496.35,BUY,2024-05-27 12:52:53
ORD03285,SUZB,31,SELL,44,436.7,BUY,2024-02-05 10:22:19
ORD02619,STNE,28,BUY,487,329.75,SELL,2024-10-31 12:00:23
ORD01074,ZM,19,SELL,25,309.13,BUY,2024-11-04 15:16:29
ORD03300,SUZB,12,SELL,135,446.23,BUY,2024-02-05 11:46:08
ORD03053,CAAP,18,SELL,438,61.53,BUY,2024-10-11 10:11:44
ORD03518,AEM,20,BUY,405,278.61,SELL,2024-02-09 13:15:50
ORD00762,LYFT,11,SELL,350,244.2,BUY,2024-09-02 13:18:10
ORD02772,DESP,25,BUY,299,186.15,SELL,2024-08-08 11:48:07
ORD01111,DOCU,20,SELL,138,53.88,BUY,2024-04-26 10:43:54
ORD01877,LMND,11,SELL,231,318.68,BUY,2024-04-02 15:06:13
ORD02054,WMT,20,SELL,356,165.17,BUY,2024-02-23 12:13:55
ORD00059,MSFT,11,BUY,403,14.25,SELL,2024-05-08 13:43:44
ORD00077,MSFT,5,BUY,138,13.22,SELL,2024-05-08 09:36:39
ORD00369,AMD,35,BUY,382,114.0,SELL,2024-04-24 15:08:02
ORD02430,GRAB,16,BUY,119,55.16,SELL,2024-07-18 09:42:30
ORD03201,BBD,13,SELL,350,149.74,BUY,2024-03-22 11:16:08
ORD00734,UBER,8,SELL,254,517.05,BUY,2024-03-12 10:37:51
ORD03830,MAG,25,BUY,23,76.03,SELL,2024-12-16 11:25:45
ORD02320,HOUS,31,BUY,62,220.59,SELL,2024-09-24 10:47:53
ORD02385,DASH,30,BUY,208,113.18,SELL,2024-12-25 11:31:38
ORD02731,ARCO,34,SELL,409,471.35,BUY,2024-10-17 11:47:14
ORD01840,UPST,6,BUY,201,406.92,SELL,2024-04-10 11:37:40
ORD02665,PAGS,35,BUY,476,73.47,SELL,2024-01-02 15:49:04
ORD00125,AMZN,34,SELL,218,186.5,BUY,2024-06-10 11:57:52
ORD03473,GOLD,37,SELL,341,351.23,BUY,2024-05-07 15:23:32
ORD03732,EXK,22,BUY,135,361.5,SELL,2024-06-14 14:00:25
ORD02257,COMP,35,BUY,122,439.8,SELL,2024-10-14 11:59:03
ORD02314,HOUS,16,SELL,162,248.84,BUY,2024-09-24 10:40:18
ORD00430,BABA,36,BUY,443,399.36,SELL,2024-01-30 15:04:28
ORD01974,FVRR,14,SELL,106,181.98,BUY,2024-04-05 09:41:17
ORD03954,HUT,11,BUY,78,401.25,SELL,2024-12-04 14:14:47
ORD00817,SNAP,26,BUY,469,423.78,SELL,2024-01-09 15:45:03
ORD02717,GLOB,27,SELL,155,53.55,BUY,2024-04-02 11:34:59
ORD03056,CAAP,3,BUY,241,60.59,SELL,2024-10-11 10:17:45
ORD01692,PENN,39,SELL,232,151.52,BUY,2024-10-15 10:22:52
ORD00388,AMD,19,BUY,441,102.31,SELL,2024-04-24 11:43:00
ORD00031,AAPL,18,SELL,90,176.75,BUY,2024-08-27 11:53:47
ORD01176,RBLX,39,BUY,339,97.96,SELL,2024-12-20 12:56:40
ORD00204,META,29,SELL,336,71.51,BUY,2024-03-04 12:59:29
ORD01026,ROKU,33,SELL,107,256.3,BUY,2024-05-15 14:52:29
ORD03858,RIOT,38,BUY,441,307.89,SELL,2024-01-22 12:10:21
ORD03758,EXK,19,BUY,442,358.25,SELL,2024-06-14 14:14:58
ORD00894,SPOT,19,BUY,409,206.39,SELL,2024-12-10 15:05:01
ORD02679,PAGS,14,BUY,322,65.85,SELL,2024-01-02 13:56:07
ORD02667,PAGS,22,BUY,167,70.8,SELL,2024-01-02 14:52:17
ORD00479,ORCL,38,BUY,447,28.59,SELL,2024-07-10 14:14:28
ORD01685,PENN,4,SELL,267,141.24,BUY,2024-10-15 12:13:39
ORD01351,SOFI,11,SELL,361,425.59,BUY,2024-05-08 11:48:50
ORD00444,ORCL,40,SELL,45,32.28,BUY,2024-07-10 14:42:14
ORD02771,DESP,6,SELL,127,196.97,BUY,2024-08-08 09:49:49
ORD01339,SOFI,37,BUY,429,386.09,SELL,2024-05-08 12:00:20
ORD00193,TSLA,29,BUY,76,138.7,SELL,2024-12-23 12:42:27
ORD02970,BIOX,30,SELL,394,105.74,BUY,2024-05-08 14:08:43
ORD01129,PLTR,37,SELL,499,121.23,BUY,2024-10-08 10:49:27
ORD00007,AAPL,12,BUY,179,167.29,SELL,2024-08-27 11:40:10
ORD00440,BABA,30,BUY,107,405.0,SELL,2024-01-30 14:22:48
ORD00290,NFLX,36,SELL,212,284.17,BUY,2024-11-05 13:40:18
ORD01107,DOCU,22,SELL,52,53.07,BUY,2024-04-26 15:14:36
ORD03694,FSM,39,SELL,138,142.03,BUY,2024-09-23 14:48:43
ORD03417,BEEF,17,BUY,115,201.38,SELL,2024-10-30 10:34:53
ORD03941,HUT,31,BUY,377,405.98,SELL,2024-12-04 10:11:07
ORD01922,PTON,6,BUY,406,46.13,SELL,2024-12-26 09:41:38
ORD02478,SEA,20,SELL,389,356.5,BUY,2024-04-02 11:05:52
ORD02368,DASH,13,SELL,500,119.71,BUY,2024-12-25 13:29:42
ORD01736,CHGG,28,BUY,359,284.75,SELL,2024-01-08 12:26:13
ORD02685,GLOB,19,BUY,395,46.19,SELL,2024-04-02 13:22:03
ORD03883,MARA,39,SELL,68,142.13,BUY,2024-10-07 14:22:26
ORD00195,TSLA,19,BUY,89,141.34,SELL,2024-12-23 13:42:24
ORD00451,ORCL,19,BUY,376,28.9,SELL,2024-07-10 11:37:22
ORD01594,BYND,22,BUY,334,372.43,SELL,2024-09-17 15:34:32
ORD01106,DOCU,14,BUY,449,54.44,SELL,2024-04-26 12:17:40
ORD00030,AAPL,39,SELL,315,164.96,BUY,2024-08-27 10:48:44
ORD00786,LYFT,8,SELL,431,227.01,BUY,2024-09-02 12:20:56
ORD03998,BITF,2,BUY,297,279.7,SELL,2024-04-15 10:36:27
ORD02623,STNE,13,BUY,457,307.86,SELL,2024-10-31 13:34:28
ORD02908,CEPU,37,SELL,216,455.44,BUY,2024-09-13 12:35:54
ORD03388,RENT,33,SELL,365,464.16,BUY,2024-12-19 10:45:06
ORD03787,GPL,39,BUY,9,72.42,SELL,2024-11-20 12:53:59
ORD00882,SPOT,39,BUY,497,196.2,SELL,2024-12-10 11:25:40
ORD03700,FSM,38,SELL,291,132.23,BUY,2024-09-23 13:46:58
ORD02370,DASH,24,BUY,112,110.99,SELL,2024-12-25 14:36:50
ORD02737,ARCO,8,BUY,33,435.63,SELL,2024-10-17 11:54:35
ORD03595,AG,26,BUY,408,135.13,SELL,2024-11-12 15:42:23
ORD00223,META,17,BUY,344,73.68,SELL,2024-03-04 12:45:56
ORD01996,FVRR,24,SELL,24,182.51,BUY,2024-04-05 12:28:16
ORD01718,PENN,15,SELL,47,140.86,BUY,2024-10-15 13:56:58
ORD00574,QCOM,35,BUY,411,460.23,SELL,2024-01-25 12:37:50
ORD03329,MGLU,23,BUY,316,251.95,SELL,2024-12-31 13:29:41
ORD03378,RENT,38,BUY,340,440.39,SELL,2024-12-19 14:36:49
ORD01538,LI,9,SELL,209,165.92,BUY,2024-10-30 13:20:53
ORD01259,HOOD,37,BUY,293,57.28,SELL,2024-07-02 11:52:09
ORD02755,ARCO,2,SELL,73,508.36,BUY,2024-10-17 13:46:01
ORD01346,SOFI,36,BUY,314,410.05,SELL,2024-05-08 10:11:24
ORD00081,GOOGL,34,BUY,93,468.57,SELL,2024-03-18 12:25:49
ORD00258,NVDA,28,BUY,228,86.65,SELL,2024-11-05 10:45:59
ORD00296,NFLX,32,SELL,181,280.48,BUY,2024-11-05 12:55:02
ORD02093,CVNA,2,SELL,266,312.49,BUY,2024-03-01 15:41:13
ORD01035,ROKU,20,BUY,379,250.52,SELL,2024-05-15 14:32:03
ORD01546,LI,7,SELL,416,165.39,BUY,2024-10-30 09:53:00
ORD01841,LMND,26,SELL,446,320.4,BUY,2024-04-02 14:24:53
ORD01741,CHGG,4,BUY,247,278.36,SELL,2024-01-08 12:19:10
ORD02376,DASH,35,SELL,245,123.22,BUY,2024-12-25 12:09:45
ORD00655,CRM,32,BUY,297,97.13,SELL,2024-06-10 10:48:44
ORD02777,DESP,37,SELL,62,175.36,BUY,2024-08-08 12:37:02
ORD02856,LOMA,34,BUY,404,28.25,SELL,2024-11-06 11:21:09
ORD02326,ABNB,26,SELL,342,428.87,BUY,2024-11-06 09:42:57
ORD03183,ITUB,6,SELL,167,103.23,BUY,2024-03-29 10:12:41
ORD03568,AG,8,SELL,500,136.02,BUY,2024-11-12 14:48:18
ORD03571,AG,17,SELL,130,144.92,BUY,2024-11-12 09:42:46
ORD02813,VIST,33,BUY,74,288.78,SELL,2024-04-09 11:33:25
ORD02531,MELI,28,SELL,126,72.77,BUY,2024-02-16 12:07:36
ORD00656,CRM,35,SELL,101,105.3,BUY,2024-06-10 15:32:17
ORD01910,ROOT,31,BUY,496,318.38,SELL,2024-08-27 12:59:41
ORD01746,CHGG,24,SELL,115,299.99,BUY,2024-01-08 12:58:22
ORD02416,GRAB,22,SELL,143,60.8,BUY,2024-07-18 11:38:37
ORD02214,RDFN,28,SELL,158,462.14,BUY,2024-10-30 13:11:48
ORD00412,BABA,12,BUY,13,415.24,SELL,2024-01-30 13:21:27
ORD00979,SQ,14,SELL,45,25.65,BUY,2024-02-08 10:27:36
ORD01172,RBLX,38,SELL,402,96.23,BUY,2024-12-20 11:01:36
ORD01432,RIVN,25,SELL,79,183.33,BUY,2024-06-26 10:35:56
ORD01075,ZM,27,BUY,231,267.58,SELL,2024-11-04 11:28:34
ORD01023,ROKU,35,SELL,339,245.39,BUY,2024-05-15 09:37:16
ORD03227,BBD,23,BUY,195,146.82,SELL,2024-03-22 10:54:20
ORD00721,UBER,37,BUY,297,484.33,SELL,2024-03-12 11:40:47
ORD00153,AMZN,12,SELL,209,175.67,BUY,2024-06-10 10:12:15
ORD00949,SHOP,37,SELL,477,165.38,BUY,2024-03-29 14:34:50
ORD02358,ABNB,13,SELL,263,478.42,BUY,2024-11-06 10:09:29
ORD01831,UPST,20,SELL,313,458.23,BUY,2024-04-10 15:58:07
ORD00103,GOOGL,26,BUY,322,441.21,SELL,2024-03-18 14:02:56
ORD03456,GOLD,32,BUY,96,361.83,SELL,2024-05-07 12:16:28
ORD00732,UBER,9,BUY,249,467.77,SELL,2024-03-12 12:20:39
ORD00240,META,7,BUY,159,71.9,SELL,2024-03-04 12:32:26
ORD03352,MGLU,24,SELL,11,261.28,BUY,2024-12-31 15:55:16
ORD02974,BIOX,26,SELL,273,101.25,BUY,2024-05-08 09:47:16
ORD01728,CHGG,40,SELL,108,305.41,BUY,2024-01-08 15:28:37
ORD02094,CVNA,30,SELL,238,308.41,BUY,2024-03-01 12:53:58
ORD02841,LOMA,1,BUY,405,27.59,SELL,2024-11-06 12:08:20
ORD00858,TWTR,19,SELL,427,401.65,BUY,2024-04-15 10:22:09
ORD01158,PLTR,23,SELL,22,115.86,BUY,2024-10-08 13:08:00
ORD00863,TWTR,39,SELL,240,373.5,BUY,2024-04-15 14:31:27
ORD02520,DIDI,3,SELL,482,525.2,BUY,2024-05-27 12:31:25
ORD02848,LOMA,8,BUY,440,27.27,SELL,2024-11-06 12:54:33
ORD02726,ARCO,12,SELL,139,463.09,BUY,2024-10-17 13:39:09
ORD03793,GPL,16,SELL,110,76.96,BUY,2024-11-20 10:49:07
ORD00756,UBER,27,SELL,243,534.07,BUY,2024-03-12 11:39:12
ORD00333,INTC,18,BUY,77,71.17,SELL,2024-07-29 10:19:43
ORD00745,UBER,39,BUY,26,503.9,SELL,2024-03-12 14:17:25
ORD03289,SUZB,35,BUY,206,384.85,SELL,2024-02-05 09:36:06
ORD02644,PAGS,15,BUY,408,66.82,SELL,2024-01-02 14:55:46
ORD02275,COMP,38,SELL,91,447.73,BUY,2024-10-14 09:30:34
ORD03632,HL,8,BUY,191,109.12,SELL,2024-07-10 13:35:18
ORD03803,MAG,5,BUY,130,79.96,SELL,2024-12-16 10:13:31
ORD03780,GPL,9,SELL,187,72.07,BUY,2024-11-20 14:56:18
ORD03129,PBR,23,SELL,58,282.75,BUY,2024-05-01 12:36:59
ORD02084,CVNA,31,SELL,18,333.75,BUY,2024-03-01 11:18:11
ORD02703,GLOB,17,BUY,384,44.95,SELL,2024-04-02 15:05:29
ORD03963,BITF,25,SELL,240,276.73,BUY,2024-04-15 14:54:07
ORD00908,SPOT,23,BUY,59,196.33,SELL,2024-12-10 13:05:28
ORD02284,HOUS,30,BUY,79,241.42,SELL,2024-09-24 09:35:25
ORD01164,RBLX,19,BUY,365,89.54,SELL,2024-12-20 13:28:12
ORD02184,EXPI,18,BUY,335,345.77,SELL,2024-02-14 11:31:01
ORD03723,EXK,7,SELL,210,388.36,BUY,2024-06-14 12:06:32
ORD02212,RDFN,33,BUY,407,466.71,SELL,2024-10-30 13:11:22
ORD02068,WMT,2,BUY,400,154.87,SELL,2024-02-23 15:38:39
ORD00555,CSCO,22,BUY,303,102.47,SELL,2024-12-17 14:26:15
ORD03026,AGRO,18,SELL,301,101.3,BUY,2024-05-06 12:36:36
ORD03610,HL,11,SELL,196,118.76,BUY,2024-07-10 14:13:19
ORD00832,SNAP,8,SELL,355,415.6,BUY,2024-01-09 15:21:16
ORD03432,BEEF,26,BUY,45,199.82,SELL,2024-10-30 15:47:23
ORD03202,BBD,39,SELL,10,167.58,BUY,2024-03-22 12:38:42
ORD02091,CVNA,27,BUY,176,276.77,SELL,2024-03-01 11:41:24
ORD01755,CHGG,29,BUY,101,280.79,SELL,2024-01-08 14:15:14
ORD00812,SNAP,33,BUY,347,402.08,SELL,2024-01-09 13:05:07
ORD00889,SPOT,28,SELL,246,212.9,BUY,2024-12-10 14:34:29
ORD02464,SEA,12,BUY,51,338.54,SELL,2024-04-02 09:36:08
ORD02989,BIOX,10,SELL,351,103.72,BUY,2024-05-08 11:43:11
ORD01660,DKNG,32,BUY,66,197.7,SELL,2024-07-10 12:34:22
ORD02510,DIDI,12,SELL,155,511.44,BUY,2024-05-27 15:05:04
ORD01234,COIN,22,SELL,167,299.06,BUY,2024-09-23 11:18:21
ORD03874,RIOT,19,BUY,176,346.87,SELL,2024-01-22 12:24:39
ORD01449,NIO,30,SELL,132,122.72,BUY,2024-02-19 10:22:55
ORD02874,LOMA,3,SELL,7,30.66,BUY,2024-11-06 13:13:41
ORD01966,FVRR,25,SELL,294,189.44,BUY,2024-04-05 10:07:01
ORD00694,PYPL,8,SELL,490,97.27,BUY,2024-01-25 13:31:31
ORD01058,ZM,15,BUY,301,279.28,SELL,2024-11-04 15:22:28
ORD01799,DUOL,12,BUY,43,332.23,SELL,2024-09-16 14:37:21
ORD01028,ROKU,39,SELL,191,249.89,BUY,2024-05-15 10:54:54
ORD01537,LI,24,BUY,300,154.03,SELL,2024-10-30 13:06:11
ORD03433,BEEF,38,BUY,83,211.66,SELL,2024-10-30 12:13:36
ORD01703,PENN,26,BUY,37,130.68,SELL,2024-10-15 10:01:03
ORD02336,ABNB,35,SELL,30,474.3,BUY,2024-11-06 12:23:01
ORD00347,INTC,14,SELL,251,75.99,BUY,2024-07-29 11:04:38
ORD00924,SHOP,4,SELL,190,173.59,BUY,2024-03-29 15:03:19
ORD03260,BRKM,13,BUY,484,74.75,SELL,2024-09-05 12:35:55
ORD01188,RBLX,10,BUY,210,93.34,SELL,2024-12-20 15:38:20
ORD00843,TWTR,38,BUY,35,388.68,SELL,2024-04-15 13:44:53
ORD03279,BRKM,20,SELL,407,75.19,BUY,2024-09-05 11:24:52
ORD03777,GPL,18,BUY,165,70.45,SELL,2024-11-20 14:58:27
ORD02728,ARCO,28,SELL,51,482.73,BUY,2024-10-17 14:59:16
ORD02828,VIST,3,SELL,403,305.15,BUY,2024-04-09 12:19:41
ORD01421,RIVN,21,SELL,278,199.34,BUY,2024-06-26 11:15:55
ORD01925,PTON,9,SELL,79,49.64,BUY,2024-12-26 11:08:40
ORD00179,TSLA,34,BUY,263,137.13,SELL,2024-12-23 14:52:24
ORD02277,COMP,30,BUY,61,432.44,SELL,2024-10-14 09:59:37
ORD03186,ITUB,30,BUY,459,96.1,SELL,2024-03-29 15:51:27
ORD00813,SNAP,19,BUY,160,422.96,SELL,2024-01-09 12:12:12
ORD01878,LMND,24,SELL,282,308.16,BUY,2024-04-02 11:15:17
ORD01337,SOFI,40,BUY,373,363.66,SELL,2024-05-08 15:23:16
ORD03159,PBR,31,SELL,352,284.45,BUY,2024-05-01 10:13:10
ORD03108,VALE,1,BUY,66,113.32,SELL,2024-05-31 13:24:18
ORD01558,LI,33,SELL,43,173.42,BUY,2024-10-30 10:25:14
ORD02802,VIST,31,SELL,437,333.69,BUY,2024-04-09 11:58:45
ORD02177,EXPI,26,SELL,478,328.35,BUY,2024-02-14 13:22:01
ORD01813,UPST,10,SELL,241,455.34,BUY,2024-04-10 12:36:17
ORD00174,TSLA,2,SELL,184,146.81,BUY,2024-12-23 12:21:19
ORD02355,ABNB,5,SELL,342,468.08,BUY,2024-11-06 13:05:50
ORD03058,CAAP,39,SELL,392,62.88,BUY,2024-10-11 15:34:12
ORD00332,INTC,17,SELL,63,81.38,BUY,2024-07-29 11:59:32
ORD01362,LCID,29,BUY,64,231.62,SELL,2024-03-13 12:43:31
ORD00431,BABA,14,SELL,337,406.64,BUY,2024-01-30 09:45:33
ORD03653,CDE,16,BUY,41,501.08,SELL,2024-05-28 12:14:02
ORD02010,ETSY,32,SELL,212,309.31,BUY,2024-12-09 13:45:05
ORD01105,DOCU,15,SELL,145,55.08,BUY,2024-04-26 14:17:08
ORD02563,NU,17,BUY,371,65.28,SELL,2024-09-06 12:55:49
ORD00480,ORCL,30,SELL,205,31.38,BUY,2024-07-10 15:25:18
ORD01279,HOOD,39,BUY,254,54.47,SELL,2024-07-02 11:34:18
ORD02604,STNE,30,SELL,307,352.95,BUY,2024-10-31 12:28:40
ORD00747,UBER,26,BUY,311,498.96,SELL,2024-03-12 09:54:44
ORD01770,DUOL,24,BUY,198,338.07,SELL,2024-09-16 15:31:55
ORD03555,KGC,39,SELL,462,100.18,BUY,2024-02-19 13:31:06
ORD02338,ABNB,4,BUY,379,422.95,SELL,2024-11-06 12:10:35
ORD03752,EXK,17,BUY,175,400.89,SELL,2024-06-14 13:00:08
ORD01941,PTON,27,BUY,182,49.9,SELL,2024-12-26 15:02:40
ORD01796,DUOL,18,BUY,212,326.2,SELL,2024-09-16 10:02:43
ORD00325,INTC,39,SELL,251,72.96,BUY,2024-07-29 11:47:14
ORD01269,HOOD,9,SELL,496,59.91,BUY,2024-07-02 13:22:22
ORD00469,ORCL,4,SELL,273,30.2,BUY,2024-07-10 12:17:45
ORD00562,QCOM,9,BUY,471,446.32,SELL,2024-01-25 10:32:40
ORD02631,STNE,36,SELL,384,362.92,BUY,2024-10-31 14:14:42
ORD02351,ABNB,27,BUY,3,406.59,SELL,2024-11-06 09:46:04
ORD02079,WMT,33,SELL,52,146.87,BUY,2024-02-23 15:32:12
ORD03785,GPL,22,BUY,412,73.67,SELL,2024-11-20 11:11:02
ORD02971,BIOX,5,SELL,448,109.75,BUY,2024-05-08 10:59:18
ORD02347,ABNB,31,SELL,451,473.39,BUY,2024-11-06 13:24:08
ORD00062,MSFT,16,BUY,437,13.59,SELL,2024-05-08 14:07:48
ORD02804,VIST,26,BUY,174,330.42,SELL,2024-04-09 13:19:10
ORD01898,ROOT,11,BUY,344,285.01,SELL,2024-08-27 15:03:47
ORD02877,LOMA,11,SELL,156,28.85,BUY,2024-11-06 10:06:05
ORD00255,NVDA,6,SELL,6,101.92,BUY,2024-11-05 10:52:25
ORD03782,GPL,21,BUY,460,65.99,SELL,2024-11-20 13:29:55
ORD01095,DOCU,40,SELL,242,55.6,BUY,2024-04-26 11:42:34
ORD01062,ZM,23,BUY,2,275.13,SELL,2024-11-04 11:41:47
ORD00916,SPOT,36,BUY,159,195.43,SELL,2024-12-10 15:26:49
ORD01042,ZM,32,BUY,455,273.82,SELL,2024-11-04 11:18:32
ORD02567,NU,8,SELL,290,71.36,BUY,2024-09-06 13:49:28
ORD00068,MSFT,32,BUY,439,14.22,SELL,2024-05-08 12:45:23
ORD01872,LMND,32,SELL,500,315.66,BUY,2024-04-02 15:31:35
ORD02789,DESP,4,BUY,2,174.37,SELL,2024-08-08 13:00:08
ORD00222,META,30,BUY,277,65.59,SELL,2024-03-04 13:25:59
ORD01963,FVRR,29,SELL,158,189.92,BUY,2024-04-05 12:02:23
ORD02409,GRAB,8,BUY,190,55.86,SELL,2024-07-18 10:20:54
ORD02878,LOMA,19,SELL,418,27.3,BUY,2024-11-06 10:02:09
ORD03174,ITUB,24,SELL,117,109.8,BUY,2024-03-29 11:29:35
ORD00089,GOOGL,40,SELL,203,523.02,BUY,2024-03-18 15:41:20
ORD01808,UPST,40,BUY,401,460.19,SELL,2024-04-10 14:21:34
ORD01676,DKNG,33,BUY,141,204.37,SELL,2024-07-10 10:57:03
ORD02829,VIST,29,SELL,214,310.15,BUY,2024-04-09 10:48:59
ORD01489,XPEV,25,BUY,487,343.3,SELL,2024-08-02 15:38:38
ORD03033,AGRO,39,SELL,429,101.42,BUY,2024-05-06 11:55:51
ORD01722,CHGG,9,BUY,379,293.45,SELL,2024-01-08 14:06:19
ORD03807,MAG,35,BUY,256,77.38,SELL,2024-12-16 14:49:56
ORD00437,BABA,16,SELL,182,434.53,BUY,2024-01-30 12:03:45
ORD03580,AG,35,BUY,90,135.13,SELL,2024-11-12 11:50:41
ORD03601,HL,4,SELL,462,113.69,BUY,2024-07-10 11:52:14
ORD03190,ITUB,18,BUY,7,107.35,SELL,2024-03-29 12:28:57
ORD03403,BEEF,8,SELL,84,232.72,BUY,2024-10-30 15:51:33
ORD02348,ABNB,29,BUY,66,414.13,SELL,2024-11-06 12:51:23
ORD03442,GOLD,34,BUY,499,336.5,SELL,2024-05-07 14:47:51
ORD03570,AG,40,SELL,214,131.11,BUY,2024-11-12 14:57:33
ORD01514,XPEV,22,SELL,42,385.17,BUY,2024-08-02 11:31:17
ORD02649,PAGS,24,SELL,124,78.18,BUY,2024-01-02 12:39:18
ORD03275,BRKM,3,BUY,187,74.34,SELL,2024-09-05 15:57:02
ORD01737,CHGG,2,SELL,352,301.71,BUY,2024-01-08 11:42:57
ORD01403,RIVN,1,SELL,206,182.44,BUY,2024-06-26 15:46:15
ORD00284,NFLX,33,BUY,109,285.07,SELL,2024-11-05 10:07:00
ORD00713,PYPL,32,SELL,382,106.91,BUY,2024-01-25 11:53:49
ORD00275,NVDA,3,BUY,172,95.33,SELL,2024-11-05 12:07:14
ORD02273,COMP,33,SELL,199,487.79,BUY,2024-10-14 13:34:41
ORD00622,ADBE,39,BUY,105,142.86,SELL,2024-01-17 13:52:20
ORD01923,PTON,28,SELL,416,53.67,BUY,2024-12-26 15:05:43
ORD00866,TWTR,27,BUY,373,389.33,SELL,2024-04-15 10:19:44
ORD03944,HUT,8,SELL,384,382.88,BUY,2024-12-04 15:46:30
ORD01643,DKNG,19,SELL,237,193.47,BUY,2024-07-10 12:17:12
ORD02484,DIDI,38,SELL,66,501.0,BUY,2024-05-27 10:55:14
ORD03995,BITF,20,BUY,325,280.88,SELL,2024-04-15 09:48:45
ORD00424,BABA,39,SELL,48,445.66,BUY,2024-01-30 13:36:55
ORD02992,BIOX,32,SELL,175,109.81,BUY,2024-05-08 15:34:29
ORD01222,COIN,20,BUY,159,292.02,SELL,2024-09-23 11:04:08
ORD00507,IBM,40,SELL,290,289.81,BUY,2024-09-11 13:49:05
ORD03861,RIOT,35,BUY,17,344.44,SELL,2024-01-22 10:18:20
ORD03564,AG,23,BUY,107,142.33,SELL,2024-11-12 14:46:31
ORD01124,PLTR,39,BUY,360,113.17,SELL,2024-10-08 12:43:10
ORD02513,DIDI,21,BUY,317,500.52,SELL,2024-05-27 13:52:44
ORD00501,IBM,22,SELL,296,267.07,BUY,2024-09-11 10:30:28
ORD01109,DOCU,27,BUY,404,51.71,SELL,2024-04-26 13:54:25
ORD01282,AFRM,10,SELL,80,395.37,BUY,2024-04-02 15:33:42
ORD00550,CSCO,25,SELL,364,100.34,BUY,2024-12-17 15:26:24
ORD00558,CSCO,18,SELL,248,109.57,BUY,2024-12-17 14:04:48
ORD01602,SPCE,32,SELL,194,259.4,BUY,2024-07-10 10:55:46
ORD00603,ADBE,2,SELL,326,144.88,BUY,2024-01-17 14:42:27
ORD00443,ORCL,15,SELL,376,30.37,BUY,2024-07-10 13:54:03
ORD01780,DUOL,38,SELL,137,320.98,BUY,2024-09-16 12:35:03
ORD00219,META,39,SELL,230,70.11,BUY,2024-03-04 11:59:07
ORD02108,CVNA,10,BUY,172,313.46,SELL,2024-03-01 13:25:53
ORD00898,SPOT,37,BUY,297,183.15,SELL,2024-12-10 14:30:09
ORD00737,UBER,31,BUY,470,516.38,SELL,2024-03-12 09:43:11
ORD03324,MGLU,3,SELL,84,250.01,BUY,2024-12-31 09:31:08
ORD02481,DIDI,29,BUY,230,519.02,SELL,2024-05-27 10:50:44
ORD03817,MAG,38,SELL,161,85.61,BUY,2024-12-16 10:10:38
ORD02060,WMT,4,BUY,76,145.04,SELL,2024-02-23 11:20:25
ORD01905,ROOT,5,BUY,45,293.8,SELL,2024-08-27 14:56:19
ORD03383,RENT,34,BUY,57,402.11,SELL,2024-12-19 15:03:41
ORD01667,DKNG,38,BUY,148,198.48,SELL,2024-07-10 14:00:48
ORD03959,HUT,10,BUY,34,388.05,SELL,2024-12-04 14:44:59
ORD02830,VIST,4,BUY,399,311.42,SELL,2024-04-09 12:48:23
ORD03131,PBR,11,SELL,295,301.67,BUY,2024-05-01 10:06:21
ORD03342,MGLU,32,BUY,106,251.51,SELL,2024-12-31 15:55:50
ORD02482,DIDI,35,SELL,158,520.46,BUY,2024-05-27 11:26:38
ORD01205,COIN,17,BUY,229,281.84,SELL,2024-09-23 11:22:25
ORD01160,PLTR,4,SELL,226,112.56,BUY,2024-10-08 11:42:16
ORD02291,HOUS,37,SELL,234,230.62,BUY,2024-09-24 15:19:47
ORD01534,LI,34,SELL,214,167.87,BUY,2024-10-30 12:53:34
ORD00806,SNAP,24,BUY,497,417.56,SELL,2024-01-09 10:59:55
ORD02707,GLOB,32,SELL,195,48.94,BUY,2024-04-02 12:31:02
ORD01875,LMND,17,SELL,403,297.13,BUY,2024-04-02 12:32:01
ORD03276,BRKM,14,BUY,31,69.82,SELL,2024-09-05 13:24:45
ORD00579,QCOM,17,SELL,219,492.72,BUY,2024-01-25 11:29:23
ORD02280,COMP,13,BUY,235,439.66,SELL,2024-10-14 14:15:54
ORD03419,BEEF,2,SELL,7,223.21,BUY,2024-10-30 14:00:43
ORD01363,LCID,12,SELL,46,250.53,BUY,2024-03-13 15:52:29
ORD00001,AAPL,21,SELL,194,183.06,BUY,2024-08-27 15:13:08
ORD03427,BEEF,30,BUY,460,204.99,SELL,2024-10-30 10:11:27
ORD03729,EXK,11,SELL,175,420.12,BUY,2024-06-14 11:27:46
ORD03846,RIOT,15,BUY,354,311.67,SELL,2024-01-22 12:02:21
ORD00965,SQ,28,BUY,2,25.11,SELL,2024-02-08 15:25:01
ORD03254,BRKM,36,SELL,344,77.82,BUY,2024-09-05 12:43:16
ORD01012,ROKU,7,SELL,44,248.09,BUY,2024-05-15 14:34:04
ORD00248,NVDA,12,BUY,223,94.96,SELL,2024-11-05 14:41:24
ORD01426,RIVN,34,SELL,392,201.23,BUY,2024-06-26 15:55:02
ORD02112,CVNA,15,SELL,217,308.07,BUY,2024-03-01 15:37:22
ORD03977,BITF,37,BUY,453,263.03,SELL,2024-04-15 13:10:00
ORD03408,BEEF,1,SELL,92,210.18,BUY,2024-10-30 09:33:18
ORD03794,GPL,28,SELL,15,70.58,BUY,2024-11-20 12:52:01
ORD01510,XPEV,8,BUY,282,338.59,SELL,2024-08-02 11:17:15
ORD03516,AEM,21,BUY,358,269.86,SELL,2024-02-09 09:34:38
ORD00651,CRM,29,SELL,496,112.49,BUY,2024-06-10 14:07:02
ORD01968,FVRR,18,SELL,454,174.8,BUY,2024-04-05 12:28:16
ORD02047,WMT,35,BUY,471,156.42,SELL,2024-02-23 14:47:13
ORD01559,LI,20,SELL,217,174.25,BUY,2024-10-30 12:17:40
ORD03801,MAG,23,SELL,472,82.38,BUY,2024-12-16 13:34:58
ORD00176,TSLA,26,SELL,401,142.75,BUY,2024-12-23 13:52:21
ORD00279,NVDA,25,SELL,215,89.1,BUY,2024-11-05 14:00:13
ORD01136,PLTR,17,SELL,223,116.86,BUY,2024-10-08 15:29:50
ORD03553,KGC,29,BUY,271,104.67,SELL,2024-02-19 13:16:10
ORD02485,DIDI,19,BUY,35,514.3,SELL,2024-05-27 14:02:33
ORD02431,GRAB,6,SELL,160,61.31,BUY,2024-07-18 10:02:49
ORD02530,MELI,36,SELL,295,71.52,BUY,2024-02-16 14:59:06
ORD03520,AEM,26,SELL,302,297.76,BUY,2024-02-09 12:14:50
ORD00692,PYPL,13,SELL,57,101.05,BUY,2024-01-25 11:46:40
ORD03962,BITF,27,SELL,420,265.29,BUY,2024-04-15 12:00:32
ORD00417,BABA,23,SELL,272,402.52,BUY,2024-01-30 11:52:38
ORD02890,CEPU,17,SELL,194,444.48,BUY,2024-09-13 14:23:37
ORD00218,META,14,SELL,141,73.22,BUY,2024-03-04 10:37:00
ORD02489,DIDI,7,SELL,33,541.86,BUY,2024-05-27 12:46:10
ORD01972,FVRR,26,BUY,221,166.25,SELL,2024-04-05 13:14:30
ORD03406,BEEF,13,SELL,321,237.61,BUY,2024-10-30 13:29:45
ORD03112,VALE,31,BUY,196,117.89,SELL,2024-05-31 15:40:24
ORD00904,SPOT,17,SELL,283,196.7,BUY,2024-12-10 10:39:28
ORD02926,IRSA,9,SELL,474,51.35,BUY,2024-02-01 15:07:12
ORD00913,SPOT,32,SELL,480,195.17,BUY,2024-12-10 12:51:01
ORD03470,GOLD,36,SELL,75,363.74,BUY,2024-05-07 13:36:47
ORD00728,UBER,35,SELL,183,488.56,BUY,2024-03-12 13:24:33
ORD03756,EXK,4,BUY,111,392.63,SELL,2024-06-14 14:18:22
ORD03080,CAAP,40,SELL,480,70.48,BUY,2024-10-11 14:31:23
ORD02826,VIST,38,BUY,27,317.48,SELL,2024-04-09 11:42:08
ORD02156,OPEN,32,BUY,14,471.46,SELL,2024-03-25 10:25:43
ORD00450,ORCL,31,SELL,66,32.93,BUY,2024-07-10 15:27:26
ORD01396,LCID,1,SELL,323,259.78,BUY,2024-03-13 13:51:51
ORD00377,AMD,24,BUY,500,103.7,SELL,2024-04-24 13:02:03
ORD03143,PBR,3,BUY,332,290.42,SELL,2024-05-01 12:37:59
ORD01753,CHGG,11,SELL,9,324.17,BUY,2024-01-08 10:50:24
ORD03967,BITF,15,SELL,181,266.79,BUY,2024-04-15 13:42:42
ORD00434,BABA,13,SELL,85,431.36,BUY,2024-01-30 15:00:46
ORD00953,SHOP,11,BUY,216,157.65,SELL,2024-03-29 14:31:21
ORD00372,AMD,18,BUY,18,106.47,SELL,2024-04-24 15:01:19
ORD03278,BRKM,6,BUY,305,64.54,SELL,2024-09-05 12:51:06
ORD02397,DASH,21,SELL,251,124.24,BUY,2024-12-25 15:47:56
ORD01422,RIVN,31,BUY,195,182.27,SELL,2024-06-26 14:34:43
ORD00701,PYPL,15,SELL,196,109.71,BUY,2024-01-25 15:24:12
ORD02868,LOMA,29,BUY,291,25.74,SELL,2024-11-06 12:12:53
ORD00645,CRM,4,BUY,11,98.8,SELL,2024-06-10 13:55:38
ORD01458,NIO,37,BUY,157,115.45,SELL,2024-02-19 11:42:52
ORD00666,CRM,13,SELL,412,111.0,BUY,2024-06-10 11:24:22
ORD01504,XPEV,1,SELL,208,358.49,BUY,2024-08-02 15:42:50
ORD01428,RIVN,32,BUY,433,184.27,SELL,2024-06-26 14:06:09
ORD01633,SPCE,29,BUY,488,269.91,SELL,2024-07-10 12:06:20
ORD02421,GRAB,26,BUY,98,57.16,SELL,2024-07-18 15:44:18
ORD01481,XPEV,23,SELL,182,353.91,BUY,2024-08-02 14:10:27
ORD01165,RBLX,35,SELL,471,100.06,BUY,2024-12-20 12:31:09
ORD00795,LYFT,29,BUY,472,221.47,SELL,2024-09-02 14:08:25
ORD03592,AG,37,BUY,253,134.11,SELL,2024-11-12 11:34:57
ORD00247,NVDA,22,SELL,40,92.72,BUY,2024-11-05 13:00:06
ORD03816,MAG,26,BUY,149,78.18,SELL,2024-12-16 14:16:36
ORD00735,UBER,18,BUY,213,484.91,SELL,2024-03-12 10:16:07
ORD00506,IBM,9,BUY,13,270.81,SELL,2024-09-11 10:09:06
ORD02441,SEA,27,SELL,474,364.56,BUY,2024-04-02 14:05:06
ORD01190,RBLX,8,BUY,249,91.48,SELL,2024-12-20 12:58:43
ORD03373,RENT,4,BUY,22,442.59,SELL,2024-12-19 15:10:15
ORD03444,GOLD,25,BUY,362,345.45,SELL,2024-05-07 13:07:18
ORD01615,SPCE,34,SELL,457,251.0,BUY,2024-07-10 11:53:51
ORD00533,CSCO,9,SELL,153,103.27,BUY,2024-12-17 15:56:04
ORD00933,SHOP,26,SELL,378,173.06,BUY,2024-03-29 15:20:50
ORD00109,GOOGL,21,SELL,381,466.8,BUY,2024-03-18 15:40:31
ORD01868,LMND,15,BUY,224,293.35,SELL,2024-04-02 11:42:58
ORD00950,SHOP,20,SELL,393,165.39,BUY,2024-03-29 10:19:50
ORD02414,GRAB,7,SELL,92,57.49,BUY,2024-07-18 11:13:33
ORD02949,IRSA,32,BUY,195,44.12,SELL,2024-02-01 09:47:26
ORD03206,BBD,33,SELL,203,152.94,BUY,2024-03-22 13:26:01
ORD02224,RDFN,15,SELL,487,469.14,BUY,2024-10-30 12:46:27
ORD02975,BIOX,31,SELL,162,104.93,BUY,2024-05-08 13:15:46
ORD03958,HUT,13,BUY,319,386.05,SELL,2024-12-04 15:49:46
ORD00544,CSCO,20,SELL,32,100.47,BUY,2024-12-17 13:57:50
ORD01766,DUOL,10,BUY,436,311.84,SELL,2024-09-16 13:36:35
ORD02495,DIDI,8,BUY,293,472.28,SELL,2024-05-27 14:32:34
ORD02935,IRSA,25,SELL,63,47.98,BUY,2024-02-01 14:14:05
ORD00260,NVDA,15,SELL,490,89.08,BUY,2024-11-05 15:15:39
ORD01515,XPEV,36,BUY,28,336.77,SELL,2024-08-02 15:46:04
ORD01779,DUOL,20,BUY,368,322.31,SELL,2024-09-16 14:14:24
ORD01863,LMND,20,SELL,327,295.65,BUY,2024-04-02 10:13:34
ORD01296,AFRM,22,BUY,319,408.23,SELL,2024-04-02 12:22:44
ORD00928,SHOP,31,SELL,451,171.35,BUY,2024-03-29 12:23:40
ORD00613,ADBE,40,BUY,404,142.86,SELL,2024-01-17 15:18:17
ORD02632,STNE,27,BUY,484,356.99,SELL,2024-10-31 10:38:46
ORD01232,COIN,21,SELL,312,325.09,BUY,2024-09-23 15:54:22
ORD00220,META,10,BUY,374,65.43,SELL,2024-03-04 12:50:46
ORD03130,PBR,35,BUY,452,260.8,SELL,2024-05-01 12:26:26
ORD00486,IBM,33,BUY,463,265.02,SELL,2024-09-11 10:37:49
ORD02317,HOUS,10,SELL,452,233.69,BUY,2024-09-24 15:49:50
ORD02165,EXPI,5,BUY,208,352.46,SELL,2024-02-14 11:05:41
ORD03522,KGC,40,SELL,42,97.49,BUY,2024-02-19 11:35:52
ORD02993,BIOX,27,BUY,420,104.94,SELL,2024-05-08 12:09:47
ORD00259,NVDA,30,BUY,205,85.82,SELL,2024-11-05 10:48:42
ORD03843,RIOT,29,BUY,3,347.38,SELL,2024-01-22 15:01:41
ORD00387,AMD,38,SELL,326,110.27,BUY,2024-04-24 13:30:37
ORD00848,TWTR,5,BUY,236,389.65,SELL,2024-04-15 11:19:12
ORD02574,NU,35,BUY,148,66.33,SELL,2024-09-06 15:38:38
ORD03234,BBD,12,BUY,223,162.01,SELL,2024-03-22 12:15:02
ORD03613,HL,30,BUY,333,115.33,SELL,2024-07-10 13:55:11
ORD03102,VALE,6,SELL,18,124.82,BUY,2024-05-31 13:31:31
ORD02862,LOMA,38,SELL,136,27.57,BUY,2024-11-06 15:15:56
ORD01624,SPCE,36,BUY,91,238.32,SELL,2024-07-10 15:39:00
ORD01002,ROKU,15,SELL,213,247.91,BUY,2024-05-15 12:45:16
ORD00210,META,6,SELL,39,73.12,BUY,2024-03-04 14:11:34
ORD03621,HL,12,SELL,228,118.38,BUY,2024-07-10 15:55:41
ORD02092,CVNA,11,BUY,300,319.94,SELL,2024-03-01 14:09:25
ORD01949,PTON,4,BUY,16,51.17,SELL,2024-12-26 12:44:20
ORD00911,SPOT,14,BUY,213,186.22,SELL,2024-12-10 14:35:02
ORD01719,PENN,28,SELL,293,146.42,BUY,2024-10-15 12:59:45
ORD02553,MELI,6,SELL,215,73.42,BUY,2024-02-16 10:38:53
ORD02985,BIOX,14,BUY,451,99.69,SELL,2024-05-08 10:29:14
ORD02164,EXPI,31,SELL,195,325.72,BUY,2024-02-14 14:54:14
ORD00597,QCOM,24,BUY,72,428.56,SELL,2024-01-25 15:55:26
ORD01951,PTON,26,BUY,401,47.25,SELL,2024-12-26 11:37:36
ORD03765,GPL,7,BUY,402,68.75,SELL,2024-11-20 15:28:51
ORD00297,NFLX,12,SELL,280,288.08,BUY,2024-11-05 10:03:54
ORD03717,FSM,35,BUY,213,129.44,SELL,2024-09-23 11:32:17
ORD00508,IBM,4,SELL,37,298.78,BUY,2024-09-11 10:36:56
ORD02865,LOMA,4,SELL,368,27.09,BUY,2024-11-06 12:51:56
ORD00008,AAPL,32,BUY,15,155.03,SELL,2024-08-27 09:51:24
ORD02253,COMP,26,BUY,65,413.22,SELL,2024-10-14 14:10:42
ORD03055,CAAP,19,BUY,72,66.52,SELL,2024-10-11 11:33:22
ORD02030,ETSY,23,SELL,455,300.54,BUY,2024-12-09 11:16:37
ORD02149,OPEN,12,BUY,356,452.94,SELL,2024-03-25 13:34:29
ORD02087,CVNA,8,BUY,241,310.92,SELL,2024-03-01 09:55:08
ORD03118,VALE,21,SELL,148,116.92,BUY,2024-05-31 12:09:07
ORD02551,MELI,38,SELL,426,71.4,BUY,2024-02-16 11:13:28
ORD03359,MGLU,18,SELL,245,242.14,BUY,2024-12-31 14:00:55
ORD00178,TSLA,7,BUY,238,132.03,SELL,2024-12-23 09:58:50
ORD03854,RIOT,34,BUY,427,339.42,SELL,2024-01-22 09:32:30
ORD02779,DESP,10,BUY,437,168.46,SELL,2024-08-08 10:54:23
ORD00791,LYFT,20,SELL,55,251.85,BUY,2024-09-02 12:10:14
ORD01335,SOFI,17,SELL,360,378.93,BUY,2024-05-08 10:29:51
ORD00679,CRM,27,SELL,70,105.45,BUY,2024-06-10 14:37:54
ORD03454,GOLD,9,SELL,348,391.42,BUY,2024-05-07 10:08:09
ORD03013,AGRO,27,SELL,320,102.7,BUY,2024-05-06 13:15:32
ORD01437,RIVN,23,BUY,446,194.31,SELL,2024-06-26 15:10:00
ORD00097,GOOGL,20,SELL,25,523.29,BUY,2024-03-18 10:44:46
ORD00044,MSFT,36,SELL,247,13.11,BUY,2024-05-08 11:03:09
ORD01815,UPST,26,BUY,248,426.1,SELL,2024-04-10 12:04:52
ORD01491,XPEV,17,SELL,169,395.9,BUY,2024-08-02 10:31:39
ORD01229,COIN,8,SELL,87,333.48,BUY,2024-09-23 14:34:34
ORD00760,UBER,5,BUY,424,455.56,SELL,2024-03-12 14:58:25
ORD03627,HL,27,BUY,233,102.88,SELL,2024-07-10 11:45:11
ORD02019,ETSY,14,BUY,75,279.35,SELL,2024-12-09 10:19:05
ORD02750,ARCO,17,BUY,338,495.66,SELL,2024-10-17 12:37:15
ORD03067,CAAP,2,SELL,345,61.8,BUY,2024-10-11 15:59:09
ORD00026,AAPL,26,BUY,293,161.53,SELL,2024-08-27 13:13:31
ORD02303,HOUS,2,SELL,412,246.32,BUY,2024-09-24 13:25:57
ORD01611,SPCE,15,SELL,105,248.43,BUY,2024-07-10 13:05:28
ORD00680,CRM,39,SELL,334,114.25,BUY,2024-06-10 10:57:27
ORD01843,LMND,34,BUY,165,308.86,SELL,2024-04-02 11:14:22
ORD02645,PAGS,18,SELL,161,77.92,BUY,2024-01-02 14:41:17
ORD01223,COIN,29,BUY,387,319.72,SELL,2024-09-23 13:39:36
ORD00782,LYFT,21,SELL,82,229.74,BUY,2024-09-02 12:37:58
ORD03668,CDE,22,BUY,314,496.46,SELL,2024-05-28 09:30:05
ORD03814,MAG,13,BUY,108,83.79,SELL,2024-12-16 14:30:36
ORD02339,ABNB,39,BUY,134,414.39,SELL,2024-11-06 15:09:28
ORD01357,SOFI,32,BUY,35,356.98,SELL,2024-05-08 12:23:45
ORD01616,SPCE,3,SELL,323,259.05,BUY,2024-07-10 14:26:00
ORD03128,PBR,40,BUY,96,263.26,SELL,2024-05-01 10:17:14
ORD02383,DASH,39,BUY,311,109.33,SELL,2024-12-25 09:32:34
ORD02148,OPEN,24,SELL,14,502.06,BUY,2024-03-25 12:59:33
ORD00884,SPOT,8,SELL,213,206.78,BUY,2024-12-10 13:48:56
ORD00383,AMD,37,SELL,209,112.3,BUY,2024-04-24 11:00:34
ORD02836,VIST,1,BUY,199,329.52,SELL,2024-04-09 13:02:48
ORD01338,SOFI,21,SELL,97,397.36,BUY,2024-05-08 09:57:34
ORD02753,ARCO,25,SELL,368,510.93,BUY,2024-10-17 15:39:57
ORD00032,AAPL,40,SELL,312,166.68,BUY,2024-08-27 11:31:01
ORD02182,EXPI,25,BUY,241,345.4,SELL,2024-02-14 13:12:01
ORD02035,ETSY,37,BUY,472,320.02,SELL,2024-12-09 11:08:15
ORD03608,HL,40,SELL,51,118.41,BUY,2024-07-10 11:03:23
ORD00611,ADBE,38,SELL,480,161.99,BUY,2024-01-17 12:37:26
ORD00571,QCOM,22,SELL,56,491.17,BUY,2024-01-25 13:12:01
ORD00344,INTC,37,BUY,319,72.27,SELL,2024-07-29 11:32:46
ORD01886,ROOT,6,BUY,95,289.15,SELL,2024-08-27 10:08:28
ORD01651,DKNG,36,SELL,141,194.93,BUY,2024-07-10 09:47:32
ORD03039,AGRO,7,BUY,194,84.27,SELL,2024-05-06 11:48:50
ORD02497,DIDI,40,BUY,149,456.24,SELL,2024-05-27 13:16:08
ORD01048,ZM,26,BUY,339,272.68,SELL,2024-11-04 12:03:17
ORD03629,HL,13,SELL,370,108.34,BUY,2024-07-10 10:49:54
ORD01072,ZM,25,BUY,208,273.78,SELL,2024-11-04 15:18:29
ORD01812,UPST,25,SELL,490,448.02,BUY,2024-04-10 11:34:30
ORD03487,AEM,29,SELL,407,261.32,BUY,2024-02-09 10:39:42
ORD02536,MELI,21,BUY,70,73.9,SELL,2024-02-16 14:36:52
ORD00966,SQ,37,BUY,226,22.56,SELL,2024-02-08 14:03:16
ORD00529,CSCO,29,SELL,451,109.91,BUY,2024-12-17 10:11:21
ORD00177,TSLA,31,SELL,13,148.08,BUY,2024-12-23 14:47:01
ORD00423,BABA,31,SELL,56,403.07,BUY,2024-01-30 09:57:50
ORD03369,RENT,29,BUY,159,416.37,SELL,2024-12-19 15:43:21
ORD03242,BRKM,38,SELL,420,70.99,BUY,2024-09-05 14:36:56
ORD02020,ETSY,39,SELL,136,307.53,BUY,2024-12-09 11:24:54
ORD00573,QCOM,34,SELL,123,501.54,BUY,2024-01-25 09:42:35
ORD03538,KGC,31,SELL,324,106.75,BUY,2024-02-19 13:23:46
ORD00289,NFLX,35,BUY,377,257.23,SELL,2024-11-05 15:04:19
ORD02659,PAGS,23,SELL,413,75.25,BUY,2024-01-02 10:51:04
ORD02922,IRSA,14,SELL,304,52.86,BUY,2024-02-01 13:17:24
ORD02633,STNE,32,BUY,303,332.22,SELL,2024-10-31 12:05:38
ORD01591,BYND,4,BUY,138,343.69,SELL,2024-09-17 11:13:24
ORD03943,HUT,15,BUY,485,362.57,SELL,2024-12-04 10:45:47
ORD02100,CVNA,12,BUY,114,297.72,SELL,2024-03-01 15:39:51
ORD01392,LCID,17,BUY,289,252.89,SELL,2024-03-13 13:24:40
ORD02855,LOMA,36,BUY,497,28.35,SELL,2024-11-06 11:54:44
ORD01740,CHGG,22,BUY,328,313.03,SELL,2024-01-08 10:55:20
ORD01730,CHGG,33,BUY,490,286.03,SELL,2024-01-08 14:16:46
ORD01919,ROOT,30,BUY,338,301.07,SELL,2024-08-27 15:20:07
ORD03101,VALE,40,SELL,49,121.04,BUY,2024-05-31 12:08:26
ORD00371,AMD,3,BUY,191,105.14,SELL,2024-04-24 11:33:50
ORD03293,SUZB,13,SELL,416,404.1,BUY,2024-02-05 13:01:07
ORD03713,FSM,28,BUY,148,120.98,SELL,2024-09-23 12:14:15
ORD02635,STNE,33,BUY,479,333.48,SELL,2024-10-31 15:31:04
ORD03412,BEEF,28,BUY,487,221.93,SELL,2024-10-30 15:12:31
ORD02070,WMT,15,BUY,113,145.01,SELL,2024-02-23 15:52:23
ORD00142,AMZN,17,BUY,494,168.27,SELL,2024-06-10 14:30:04
ORD03356,MGLU,37,BUY,417,223.2,SELL,2024-12-31 11:45:20
ORD00492,IBM,5,BUY,370,277.31,SELL,2024-09-11 09:41:13
ORD00199,TSLA,5,BUY,217,134.66,SELL,2024-12-23 11:17:33
ORD01789,DUOL,34,SELL,355,353.25,BUY,2024-09-16 15:41:07
ORD02527,MELI,10,SELL,215,74.49,BUY,2024-02-16 14:32:40
ORD03925,HUT,3,SELL,231,375.59,BUY,2024-12-04 11:39:09
ORD01457,NIO,15,BUY,204,110.12,SELL,2024-02-19 15:33:17
ORD00196,TSLA,18,SELL,372,152.03,BUY,2024-12-23 15:09:05
ORD00875,TWTR,1,SELL,31,363.48,BUY,2024-04-15 15:53:32
ORD02440,GRAB,30,SELL,307,59.8,BUY,2024-07-18 14:23:39
ORD03824,MAG,10,SELL,394,85.26,BUY,2024-12-16 15:05:27
ORD00841,TWTR,33,SELL,205,375.3,BUY,2024-04-15 10:27:30
ORD00582,QCOM,39,SELL,398,484.43,BUY,2024-01-25 10:25:25
ORD03949,HUT,22,BUY,57,409.54,SELL,2024-12-04 14:17:14
ORD00906,SPOT,38,SELL,138,201.44,BUY,2024-12-10 13:06:34
ORD00632,ADBE,24,BUY,115,139.66,SELL,2024-01-17 14:04:10
ORD02577,NU,39,BUY,255,70.36,SELL,2024-09-06 13:55:50
ORD00163,TSLA,38,BUY,171,138.53,SELL,2024-12-23 14:41:32
ORD02074,WMT,14,BUY,472,145.28,SELL,2024-02-23 14:27:28
ORD02081,CVNA,18,BUY,369,281.48,SELL,2024-03-01 11:23:40
ORD01761,DUOL,29,BUY,358,306.2,SELL,2024-09-16 15:36:41
ORD02662,PAGS,25,BUY,411,66.5,SELL,2024-01-02 11:52:12
ORD00926,SHOP,19,SELL,149,175.71,BUY,2024-03-29 15:01:27
ORD01833,UPST,35,SELL,238,453.31,BUY,2024-04-10 12:18:28
ORD00548,CSCO,13,SELL,177,104.73,BUY,2024-12-17 12:27:03
ORD02294,HOUS,6,BUY,93,218.31,SELL,2024-09-24 15:21:47
ORD01189,RBLX,11,SELL,43,91.99,BUY,2024-12-20 12:46:48
ORD02000,FVRR,34,SELL,468,179.82,BUY,2024-04-05 12:49:11
ORD02098,CVNA,33,SELL,409,331.97,BUY,2024-03-01 11:53:01
ORD00612,ADBE,30,SELL,173,156.56,BUY,2024-01-17 13:57:08
ORD02195,EXPI,37,SELL,131,319.78,BUY,2024-02-14 10:04:33
ORD03662,CDE,35,SELL,372,514.18,BUY,2024-05-28 13:59:29
ORD01508,XPEV,15,SELL,382,389.12,BUY,2024-08-02 13:07:48
ORD01870,LMND,10,BUY,483,308.08,SELL,2024-04-02 10:05:25
ORD00743,UBER,6,SELL,209,528.55,BUY,2024-03-12 15:43:41
ORD00638,ADBE,8,BUY,386,150.3,SELL,2024-01-17 11:30:48
ORD03536,KGC,23,BUY,59,93.26,SELL,2024-02-19 15:45:15
ORD02016,ETSY,11,SELL,177,307.0,BUY,2024-12-09 12:20:10
ORD03762,GPL,15,SELL,185,78.05,BUY,2024-11-20 10:36:33
ORD01098,DOCU,6,BUY,388,57.09,SELL,2024-04-26 11:22:22
ORD01484,XPEV,39,SELL,354,398.81,BUY,2024-08-02 11:48:20
ORD00049,MSFT,13,BUY,97,12.7,SELL,2024-05-08 14:48:47
ORD01352,SOFI,25,SELL,204,424.29,BUY,2024-05-08 13:54:54
ORD00922,SHOP,6,BUY,83,163.02,SELL,2024-03-29 14:25:25
ORD03563,AG,24,BUY,372,125.55,SELL,2024-11-12 15:37:58
ORD00757,UBER,36,BUY,292,489.2,SELL,2024-03-12 12:04:53
ORD02125,OPEN,18,SELL,55,445.19,BUY,2024-03-25 11:41:12
ORD02367,DASH,36,BUY,131,113.68,SELL,2024-12-25 14:57:40
ORD01468,NIO,14,BUY,32,121.54,SELL,2024-02-19 12:09:28
ORD03643,CDE,37,SELL,89,467.31,BUY,2024-05-28 13:48:10
ORD01695,PENN,22,BUY,54,134.24,SELL,2024-10-15 13:13:31
ORD01323,SOFI,35,BUY,385,394.01,SELL,2024-05-08 14:39:13
ORD01177,RBLX,6,SELL,281,98.76,BUY,2024-12-20 15:10:23
ORD01948,PTON,13,SELL,137,54.11,BUY,2024-12-26 13:59:46
ORD01214,COIN,11,SELL,125,333.04,BUY,2024-09-23 14:03:23
ORD03934,HUT,18,SELL,199,421.32,BUY,2024-12-04 09:58:30
ORD02534,MELI,11,BUY,296,66.18,SELL,2024-02-16 13:15:49
ORD02288,HOUS,29,SELL,376,248.26,BUY,2024-09-24 09:48:41
ORD02782,DESP,21,BUY,379,179.26,SELL,2024-08-08 13:46:02
ORD02678,PAGS,32,SELL,199,76.76,BUY,2024-01-02 14:12:13
ORD01071,ZM,4,BUY,71,286.26,SELL,2024-11-04 10:47:08
ORD03730,EXK,36,SELL,469,403.99,BUY,2024-06-14 09:59:59
ORD02831,VIST,12,SELL,63,335.97,BUY,2024-04-09 10:11:22
ORD02442,SEA,32,BUY,377,332.42,SELL,2024-04-02 10:29:42
ORD03604,HL,26,SELL,222,123.77,BUY,2024-07-10 10:48:12
ORD01715,PENN,9,BUY,119,131.67,SELL,2024-10-15 11:41:24
ORD03022,AGRO,11,SELL,495,92.75,BUY,2024-05-06 13:35:20
ORD02197,EXPI,4,BUY,349,342.67,SELL,2024-02-14 12:06:42
ORD01150,PLTR,7,SELL,190,122.52,BUY,2024-10-08 11:00:54
ORD03087,VALE,2,BUY,213,116.45,SELL,2024-05-31 14:44:59
ORD02229,RDFN,24,SELL,15,446.94,BUY,2024-10-30 14:01:59
ORD02964,BIOX,7,BUY,312,96.37,SELL,2024-05-08 14:14:41
ORD02610,STNE,12,SELL,420,333.71,BUY,2024-10-31 09:49:57
ORD01552,LI,27,SELL,497,175.65,BUY,2024-10-30 14:34:27
ORD02555,MELI,29,BUY,245,75.16,SELL,2024-02-16 13:04:13
ORD01289,AFRM,35,BUY,131,364.13,SELL,2024-04-02 14:23:10
ORD03862,RIOT,11,SELL,306,357.05,BUY,2024-01-22 12:53:25
ORD02808,VIST,35,SELL,116,325.3,BUY,2024-04-09 14:51:52
ORD01642,DKNG,10,SELL,486,217.44,BUY,2024-07-10 10:56:52
ORD00868,TWTR,29,BUY,409,346.11,SELL,2024-04-15 09:35:49
ORD00927,SHOP,7,BUY,297,144.8,SELL,2024-03-29 13:03:38
ORD03211,BBD,31,SELL,58,168.69,BUY,2024-03-22 09:48:58
ORD00998,SQ,35,BUY,369,24.17,SELL,2024-02-08 14:46:03
ORD03021,AGRO,15,BUY,246,91.07,SELL,2024-05-06 09:52:42
ORD01830,UPST,29,SELL,490,466.68,BUY,2024-04-10 12:10:15
ORD01133,PLTR,10,SELL,170,113.93,BUY,2024-10-08 12:14:25
ORD01341,SOFI,5,BUY,489,406.05,SELL,2024-05-08 15:44:54
ORD03675,CDE,25,SELL,36,503.28,BUY,2024-05-28 09:31:55
ORD00211,META,37,SELL,362,73.61,BUY,2024-03-04 11:10:30
ORD03980,BITF,31,SELL,420,265.49,BUY,2024-04-15 15:59:57
ORD00060,MSFT,33,SELL,174,14.05,BUY,2024-05-08 13:16:53
ORD03671,CDE,14,SELL,399,519.72,BUY,2024-05-28 13:24:44
ORD02620,STNE,34,SELL,261,345.21,BUY,2024-10-31 14:33:00
ORD03898,MARA,34,BUY,29,132.13,SELL,2024-10-07 13:24:26
ORD03947,HUT,29,SELL,88,408.35,BUY,2024-12-04 10:48:05
ORD00766,LYFT,2,BUY,302,230.13,SELL,2024-09-02 11:44:49
ORD02103,CVNA,9,BUY,421,318.09,SELL,2024-03-01 10:11:48
ORD03230,BBD,18,SELL,459,152.87,BUY,2024-03-22 10:55:56
ORD01079,ZM,16,SELL,181,297.23,BUY,2024-11-04 14:54:04
ORD02660,PAGS,8,BUY,326,70.52,SELL,2024-01-02 09:49:08
ORD03743,EXK,28,BUY,192,377.2,SELL,2024-06-14 13:12:04
ORD02045,WMT,12,BUY,403,143.34,SELL,2024-02-23 11:21:19
ORD02067,WMT,23,BUY,494,145.45,SELL,2024-02-23 15:00:35
ORD00583,QCOM,4,BUY,225,459.67,SELL,2024-01-25 15:02:13
ORD02124,OPEN,25,SELL,493,444.35,BUY,2024-03-25 13:21:38
ORD03529,KGC,2,SELL,282,98.75,BUY,2024-02-19 12:16:26
ORD03617,HL,38,BUY,214,117.94,SELL,2024-07-10 09:53:48
ORD00941,SHOP,35,BUY,408,157.0,SELL,2024-03-29 14:24:18
ORD01081,DOCU,5,BUY,12,56.52,SELL,2024-04-26 10:12:59
ORD00188,TSLA,13,SELL,24,144.07,BUY,2024-12-23 09:48:09
ORD03106,VALE,22,SELL,410,114.19,BUY,2024-05-31 12:02:50
ORD02311,HOUS,19,SELL,183,232.4,BUY,2024-09-24 14:45:30
ORD02677,PAGS,39,SELL,370,78.04,BUY,2024-01-02 10:49:34
ORD03095,VALE,17,BUY,426,113.62,SELL,2024-05-31 15:57:50
ORD03820,MAG,31,BUY,317,75.91,SELL,2024-12-16 14:47:51
ORD01601,SPCE,8,BUY,107,265.49,SELL,2024-07-10 13:00:31
ORD03857,RIOT,26,BUY,322,311.8,SELL,2024-01-22 12:07:52
ORD00227,META,26,BUY,87,73.98,SELL,2024-03-04 10:35:24
ORD01613,SPCE,27,BUY,120,249.61,SELL,2024-07-10 14:13:18
ORD00536,CSCO,7,SELL,349,110.79,BUY,2024-12-17 13:21:20
ORD03849,RIOT,30,SELL,385,366.43,BUY,2024-01-22 11:09:24
ORD03216,BBD,27,SELL,56,166.24,BUY,2024-03-22 12:02:33
ORD03127,PBR,30,BUY,95,274.54,SELL,2024-05-01 11:16:28
ORD00698,PYPL,2,BUY,60,93.69,SELL,2024-01-25 15:36:57
ORD03614,HL,24,SELL,314,113.78,BUY,2024-07-10 14:54:21
ORD02375,DASH,37,BUY,368,117.26,SELL,2024-12-25 09:45:42
ORD01778,DUOL,1,SELL,88,319.96,BUY,2024-09-16 10:47:52
ORD03625,HL,2,BUY,460,102.76,SELL,2024-07-10 15:38:37
ORD02805,VIST,36,SELL,261,323.29,BUY,2024-04-09 11:41:27
ORD01038,ROKU,14,SELL,91,275.12,BUY,2024-05-15 10:42:57
ORD00209,META,23,BUY,389,72.78,SELL,2024-03-04 11:50:28
ORD01847,LMND,6,BUY,104,301.95,SELL,2024-04-02 14:53:05
ORD00566,QCOM,23,SELL,22,472.34,BUY,2024-01-25 09:52:59
ORD00314,NFLX,27,SELL,451,278.55,BUY,2024-11-05 13:40:15
ORD00602,ADBE,26,BUY,452,135.6,SELL,2024-01-17 09:53:44
ORD00234,META,38,BUY,243,71.87,SELL,2024-03-04 14:21:49
ORD01261,HOOD,28,SELL,480,60.66,BUY,2024-07-02 11:51:52
ORD00932,SHOP,18,BUY,108,160.14,SELL,2024-03-29 11:41:58
ORD03221,BBD,32,BUY,346,152.58,SELL,2024-03-22 14:32:43
ORD01724,CHGG,7,SELL,233,295.62,BUY,2024-01-08 15:04:01
ORD00112,GOOGL,11,SELL,172,504.38,BUY,2024-03-18 12:00:01
ORD02705,GLOB,21,BUY,397,45.78,SELL,2024-04-02 15:56:30
ORD01090,DOCU,10,SELL,315,54.36,BUY,2024-04-26 12:12:55
ORD02743,ARCO,36,SELL,322,495.39,BUY,2024-10-17 15:33:33
ORD02029,ETSY,20,BUY,477,314.39,SELL,2024-12-09 11:57:28
ORD03945,HUT,5,BUY,148,361.98,SELL,2024-12-04 14:48:06
ORD01744,CHGG,30,SELL,305,306.29,BUY,2024-01-08 10:41:19
ORD00473,ORCL,39,BUY,290,27.29,SELL,2024-07-10 11:14:29
ORD02097,CVNA,28,SELL,365,333.51,BUY,2024-03-01 15:53:00
ORD03733,EXK,27,SELL,157,389.39,BUY,2024-06-14 14:23:29
ORD01787,DUOL,5,SELL,437,325.6,BUY,2024-09-16 09:40:59
ORD03277,BRKM,7,BUY,176,70.88,SELL,2024-09-05 15:07:07
ORD01374,LCID,9,SELL,135,235.69,BUY,2024-03-13 11:47:36
ORD03704,FSM,40,BUY,468,130.4,SELL,2024-09-23 11:34:50
ORD00362,AMD,33,BUY,151,115.9,SELL,2024-04-24 11:31:31
ORD00136,AMZN,7,BUY,480,193.18,SELL,2024-06-10 15:21:13
ORD01135,PLTR,6,SELL,280,108.07,BUY,2024-10-08 13:28:01
ORD01152,PLTR,1,SELL,59,116.83,BUY,2024-10-08 14:59:20
ORD02469,SEA,40,SELL,48,335.49,BUY,2024-04-02 14:11:00
ORD01054,ZM,7,BUY,249,259.42,SELL,2024-11-04 13:03:54
ORD03317,SUZB,36,BUY,124,390.82,SELL,2024-02-05 09:30:26
ORD00023,AAPL,38,SELL,410,164.95,BUY,2024-08-27 15:16:44
ORD01973,FVRR,23,BUY,248,162.48,SELL,2024-04-05 13:15:13
ORD02953,IRSA,33,BUY,466,47.07,SELL,2024-02-01 11:33:12
ORD01653,DKNG,35,BUY,103,207.25,SELL,2024-07-10 15:01:15
ORD00696,PYPL,24,BUY,238,104.72,SELL,2024-01-25 11:18:07
ORD00421,BABA,17,SELL,387,408.22,BUY,2024-01-30 14:25:58
ORD03950,HUT,34,SELL,496,398.18,BUY,2024-12-04 11:06:52
ORD00461,ORCL,13,SELL,453,28.51,BUY,2024-07-10 14:05:45
ORD01068,ZM,29,BUY,91,298.31,SELL,2024-11-04 15:20:57
ORD00088,GOOGL,25,SELL,296,470.5,BUY,2024-03-18 15:10:52
ORD00283,NFLX,13,BUY,22,282.83,SELL,2024-11-05 11:37:07
ORD02999,BIOX,2,BUY,194,103.22,SELL,2024-05-08 11:07:24
ORD01314,AFRM,32,BUY,426,383.24,SELL,2024-04-02 10:05:48
ORD01408,RIVN,12,SELL,337,200.35,BUY,2024-06-26 11:02:33
ORD03795,GPL,10,BUY,206,70.55,SELL,2024-11-20 09:52:14
ORD02113,CVNA,7,SELL,224,327.81,BUY,2024-03-01 15:14:47
ORD00860,TWTR,36,SELL,460,366.63,BUY,2024-04-15 10:54:12
ORD00534,CSCO,12,BUY,109,98.36,SELL,2024-12-17 11:37:21
ORD03510,AEM,3,BUY,138,261.91,SELL,2024-02-09 10:54:01
ORD03784,GPL,5,BUY,458,69.93,SELL,2024-11-20 10:23:07
ORD01420,RIVN,22,BUY,372,173.45,SELL,2024-06-26 15:05:03
ORD03396,RENT,40,BUY,388,412.48,SELL,2024-12-19 13:11:13
ORD03169,ITUB,35,BUY,392,107.67,SELL,2024-03-29 14:19:58
ORD02801,VIST,24,SELL,45,345.75,BUY,2024-04-09 12:06:02
ORD03372,RENT,26,SELL,268,410.55,BUY,2024-12-19 12:01:27
ORD03939,HUT,27,SELL,149,400.78,BUY,2024-12-04 09:46:56
ORD02899,CEPU,26,BUY,237,388.42,SELL,2024-09-13 12:49:44
ORD01645,DKNG,6,BUY,265,192.1,SELL,2024-07-10 13:37:06
ORD01413,RIVN,17,SELL,94,200.32,BUY,2024-06-26 15:32:26
ORD03909,MARA,9,BUY,220,118.53,SELL,2024-10-07 15:35:39
ORD02298,HOUS,3,BUY,353,222.39,SELL,2024-09-24 11:40:43
ORD00943,SHOP,14,BUY,35,163.56,SELL,2024-03-29 10:29:51
ORD02252,COMP,6,SELL,288,453.02,BUY,2024-10-14 15:44:59
ORD03905,MARA,19,SELL,71,126.02,BUY,2024-10-07 09:46:33
ORD01652,DKNG,8,BUY,456,189.47,SELL,2024-07-10 09:54:25
ORD02216,RDFN,37,BUY,450,456.1,SELL,2024-10-30 12:08:00
ORD02247,COMP,5,SELL,345,491.04,BUY,2024-10-14 15:52:14
ORD00122,AMZN,39,BUY,165,184.8,SELL,2024-06-10 13:36:42
ORD00888,SPOT,18,SELL,229,194.76,BUY,2024-12-10 13:02:36
ORD02835,VIST,11,SELL,360,311.97,BUY,2024-04-09 09:46:39
ORD00686,PYPL,16,BUY,308,93.86,SELL,2024-01-25 12:48:59
ORD02959,IRSA,21,SELL,410,49.56,BUY,2024-02-01 12:17:44
ORD00414,BABA,29,SELL,411,442.28,BUY,2024-01-30 12:32:49
ORD00790,LYFT,37,BUY,219,218.92,SELL,2024-09-02 10:46:20
ORD02190,EXPI,21,BUY,89,310.34,SELL,2024-02-14 10:02:35
ORD01570,BYND,26,SELL,68,405.8,BUY,2024-09-17 13:19:08
ORD01804,UPST,17,SELL,427,473.19,BUY,2024-04-10 10:13:12
ORD03850,RIOT,5,BUY,43,350.73,SELL,2024-01-22 15:25:22
ORD01393,LCID,16,SELL,288,249.46,BUY,2024-03-13 09:56:20
ORD02139,OPEN,13,SELL,303,484.54,BUY,2024-03-25 14:16:10
ORD00273,NVDA,26,SELL,89,98.52,BUY,2024-11-05 15:58:57
ORD02592,NU,26,BUY,264,66.7,SELL,2024-09-06 14:48:30
ORD00522,CSCO,19,BUY,167,95.58,SELL,2024-12-17 15:26:09
ORD00523,CSCO,3,SELL,422,109.91,BUY,2024-12-17 10:05:46
ORD03237,BBD,7,BUY,145,152.86,SELL,2024-03-22 10:46:57
ORD01913,ROOT,39,SELL,178,318.97,BUY,2024-08-27 15:27:58
ORD00351,INTC,15,BUY,421,77.48,SELL,2024-07-29 13:07:27
ORD01619,SPCE,6,BUY,266,234.97,SELL,2024-07-10 10:33:09
ORD01862,LMND,36,SELL,46,299.16,BUY,2024-04-02 11:29:15
ORD03107,VALE,32,BUY,274,107.25,SELL,2024-05-31 15:55:56
ORD01962,FVRR,39,SELL,63,186.76,BUY,2024-04-05 11:57:28
ORD00652,CRM,1,BUY,256,100.62,SELL,2024-06-10 13:30:09
ORD02412,GRAB,2,BUY,177,56.65,SELL,2024-07-18 15:56:58
ORD03443,GOLD,7,BUY,93,375.42,SELL,2024-05-07 13:55:27
ORD03701,FSM,23,SELL,374,140.9,BUY,2024-09-23 15:46:18
ORD01447,NIO,4,SELL,142,124.62,BUY,2024-02-19 10:06:41
ORD01954,PTON,15,SELL,129,51.46,BUY,2024-12-26 09:51:54
ORD03735,EXK,12,SELL,53,384.29,BUY,2024-06-14 15:03:27
ORD02329,ABNB,40,BUY,6,413.36,SELL,2024-11-06 13:47:43
ORD00169,TSLA,9,BUY,93,149.42,SELL,2024-12-23 12:05:15
ORD03707,FSM,25,BUY,102,121.68,SELL,2024-09-23 15:54:20
ORD00963,SQ,12,BUY,435,24.48,SELL,2024-02-08 10:37:07
ORD00946,SHOP,32,BUY,478,144.78,SELL,2024-03-29 12:57:13
ORD00463,ORCL,2,SELL,133,30.09,BUY,2024-07-10 10:55:26
ORD03428,BEEF,31,SELL,188,217.68,BUY,2024-10-30 10:13:43
ORD00329,INTC,22,SELL,343,79.5,BUY,2024-07-29 09:51:02
ORD01658,DKNG,13,BUY,270,194.52,SELL,2024-07-10 09:55:49
ORD02259,COMP,25,BUY,374,422.56,SELL,2024-10-14 13:17:20
ORD02692,GLOB,4,SELL,9,47.72,BUY,2024-04-02 15:15:45
ORD02304,HOUS,40,SELL,157,242.09,BUY,2024-09-24 15:02:43
ORD00368,AMD,29,BUY,243,114.2,SELL,2024-04-24 13:24:08
ORD03452,GOLD,6,SELL,271,387.34,BUY,2024-05-07 12:50:07
ORD03015,AGRO,20,BUY,231,89.86,SELL,2024-05-06 15:09:52
ORD02834,VIST,14,BUY,180,288.12,SELL,2024-04-09 10:12:33
ORD03126,PBR,36,BUY,379,281.82,SELL,2024-05-01 09:35:33
ORD00773,LYFT,36,SELL,454,237.56,BUY,2024-09-02 11:30:34
ORD01285,AFRM,37,BUY,164,405.5,SELL,2024-04-02 12:43:05
ORD02537,MELI,2,BUY,452,68.14,SELL,2024-02-16 11:36:38
ORD03579,AG,9,SELL,166,139.62,BUY,2024-11-12 14:09:18
ORD03139,PBR,20,SELL,293,291.18,BUY,2024-05-01 11:28:51
ORD00499,IBM,32,SELL,119,285.44,BUY,2024-09-11 15:05:48
ORD01235,COIN,1,BUY,104,301.93,SELL,2024-09-23 11:58:12
ORD01513,XPEV,34,BUY,135,359.21,SELL,2024-08-02 13:21:51
ORD00436,BABA,10,SELL,376,453.72,BUY,2024-01-30 10:11:06
ORD01252,HOOD,23,SELL,479,61.63,BUY,2024-07-02 12:09:44
ORD00366,AMD,23,SELL,172,116.24,BUY,2024-04-24 11:25:01
ORD01367,LCID,37,BUY,439,249.11,SELL,2024-03-13 12:37:51
ORD00277,NVDA,18,SELL,358,90.29,BUY,2024-11-05 15:04:43
ORD02640,STNE,17,BUY,210,347.96,SELL,2024-10-31 13:02:47
ORD03768,GPL,12,BUY,355,70.87,SELL,2024-11-20 12:44:36
ORD03440,BEEF,16,BUY,478,209.8,SELL,2024-10-30 10:55:00
ORD00408,BABA,22,BUY,400,385.88,SELL,2024-01-30 12:38:45
ORD01469,NIO,6,BUY,8,116.26,SELL,2024-02-19 12:44:05
ORD03364,RENT,8,SELL,206,442.86,BUY,2024-12-19 14:11:47
ORD03678,CDE,23,SELL,336,520.44,BUY,2024-05-28 13:32:57
ORD00845,TWTR,20,SELL,17,407.42,BUY,2024-04-15 13:34:43
ORD01911,ROOT,40,BUY,336,313.76,SELL,2024-08-27 12:20:34
ORD03312,SUZB,3,BUY,168,395.48,SELL,2024-02-05 15:53:03
ORD00087,GOOGL,35,SELL,140,483.24,BUY,2024-03-18 14:56:26
ORD01544,LI,10,BUY,474,156.04,SELL,2024-10-30 11:38:43
ORD02046,WMT,17,SELL,386,154.2,BUY,2024-02-23 14:37:58
ORD02072,WMT,29,SELL,51,160.94,BUY,2024-02-23 09:44:32
ORD02365,DASH,7,BUY,60,118.88,SELL,2024-12-25 09:31:44
ORD01850,LMND,25,SELL,423,319.02,BUY,2024-04-02 12:16:39
ORD00856,TWTR,35,SELL,21,408.29,BUY,2024-04-15 15:32:16
ORD03957,HUT,33,BUY,75,407.05,SELL,2024-12-04 13:53:24
ORD00079,MSFT,22,SELL,235,14.06,BUY,2024-05-08 09:41:52
ORD00945,SHOP,24,BUY,245,151.13,SELL,2024-03-29 15:07:36
ORD00200,TSLA,32,BUY,294,143.84,SELL,2024-12-23 10:19:26
ORD02064,WMT,24,BUY,331,149.33,SELL,2024-02-23 14:11:42
ORD01617,SPCE,1,SELL,27,273.74,BUY,2024-07-10 12:36:24
ORD00802,SNAP,32,BUY,379,409.23,SELL,2024-01-09 12:13:09
ORD02406,GRAB,31,SELL,222,56.65,BUY,2024-07-18 15:37:30
ORD02391,DASH,12,BUY,444,120.83,SELL,2024-12-25 12:32:21
ORD01984,FVRR,20,BUY,323,160.67,SELL,2024-04-05 14:48:19
ORD02913,CEPU,12,BUY,133,428.83,SELL,2024-09-13 10:40:54
ORD00232,META,5,BUY,102,73.92,SELL,2024-03-04 12:56:36
ORD01407,RIVN,28,BUY,160,191.71,SELL,2024-06-26 14:03:17
ORD02005,ETSY,1,BUY,443,313.81,SELL,2024-12-09 12:08:12
ORD03347,MGLU,26,SELL,224,238.45,BUY,2024-12-31 13:38:25
ORD02651,PAGS,17,BUY,449,66.2,SELL,2024-01-02 14:41:40
ORD02248,COMP,8,SELL,450,478.1,BUY,2024-10-14 14:48:48
ORD02427,GRAB,39,BUY,164,58.98,SELL,2024-07-18 12:46:31
ORD02929,IRSA,7,BUY,247,49.42,SELL,2024-02-01 12:07:40
ORD01628,SPCE,19,SELL,271,269.41,BUY,2024-07-10 14:45:53
ORD03818,MAG,15,SELL,471,86.17,BUY,2024-12-16 11:43:35
ORD01144,PLTR,40,BUY,379,107.18,SELL,2024-10-08 14:28:34
ORD03560,KGC,37,BUY,447,102.84,SELL,2024-02-19 10:42:09
ORD00192,TSLA,14,SELL,68,138.0,BUY,2024-12-23 14:12:50
ORD00105,GOOGL,3,BUY,354,500.16,SELL,2024-03-18 13:14:19
ORD02952,IRSA,40,BUY,2,44.16,SELL,2024-02-01 12:34:17
ORD03670,CDE,26,BUY,95,432.08,SELL,2024-05-28 14:51:56
ORD02669,PAGS,7,SELL,496,77.67,BUY,2024-01-02 13:23:50
ORD01860,LMND,38,BUY,37,287.68,SELL,2024-04-02 10:03:30
ORD02475,SEA,18,BUY,10,361.2,SELL,2024-04-02 14:45:42
ORD02228,RDFN,14,BUY,276,436.19,SELL,2024-10-30 14:00:20
ORD03429,BEEF,23,SELL,361,235.54,BUY,2024-10-30 10:12:34
ORD03860,RIOT,25,BUY,297,336.07,SELL,2024-01-22 13:11:12
ORD03046,CAAP,13,BUY,286,67.13,SELL,2024-10-11 15:16:36
ORD02408,GRAB,27,BUY,298,61.52,SELL,2024-07-18 10:41:58
ORD02006,ETSY,24,SELL,464,301.54,BUY,2024-12-09 13:10:28
ORD02760,ARCO,9,BUY,73,462.05,SELL,2024-10-17 10:32:54
ORD03829,MAG,2,BUY,399,76.15,SELL,2024-12-16 10:37:13
ORD01916,ROOT,1,SELL,132,336.37,BUY,2024-08-27 10:14:39
ORD03902,MARA,38,BUY,414,120.78,SELL,2024-10-07 09:39:29
ORD03057,CAAP,20,BUY,90,61.36,SELL,2024-10-11 14:37:49
ORD01814,UPST,39,SELL,185,428.68,BUY,2024-04-10 11:40:21
ORD03399,RENT,21,BUY,144,393.08,SELL,2024-12-19 10:33:21
ORD00995,SQ,2,BUY,264,24.97,SELL,2024-02-08 13:59:24
ORD00465,ORCL,27,BUY,484,29.71,SELL,2024-07-10 11:08:08
ORD01500,XPEV,28,BUY,284,343.05,SELL,2024-08-02 12:29:36
ORD03790,GPL,31,SELL,61,71.66,BUY,2024-11-20 10:32:21
ORD03942,HUT,2,BUY,16,410.77,SELL,2024-12-04 12:59:23
ORD02160,OPEN,14,SELL,100,479.68,BUY,2024-03-25 15:43:44
ORD01237,COIN,34,BUY,422,302.68,SELL,2024-09-23 10:48:02
ORD02413,GRAB,29,BUY,476,53.86,SELL,2024-07-18 12:40:58
ORD03523,KGC,11,SELL,206,110.32,BUY,2024-02-19 12:15:11
ORD00213,META,35,BUY,81,67.02,SELL,2024-03-04 10:07:34
ORD01037,ROKU,22,BUY,386,260.39,SELL,2024-05-15 13:05:07
ORD03869,RIOT,2,SELL,141,327.76,BUY,2024-01-22 10:25:47
ORD00901,SPOT,31,SELL,483,205.25,BUY,2024-12-10 14:01:11
ORD01838,UPST,32,BUY,220,438.97,SELL,2024-04-10 12:16:59
ORD02816,VIST,28,SELL,16,313.85,BUY,2024-04-09 15:19:49
ORD00742,UBER,33,BUY,118,507.52,SELL,2024-03-12 13:56:40
ORD03706,FSM,1,SELL,393,135.49,BUY,2024-09-23 14:15:41
ORD03090,VALE,7,SELL,483,120.9,BUY,2024-05-31 11:34:43
ORD02668,PAGS,13,SELL,291,77.92,BUY,2024-01-02 14:22:37
ORD01207,COIN,14,SELL,201,317.67,BUY,2024-09-23 15:26:38
ORD00510,IBM,29,BUY,456,278.56,SELL,2024-09-11 10:56:16
ORD00598,QCOM,5,SELL,406,467.4,BUY,2024-01-25 14:13:28
ORD02997,BIOX,18,SELL,74,108.24,BUY,2024-05-08 14:58:11
ORD00982,SQ,8,BUY,240,23.4,SELL,2024-02-08 14:06:44
ORD02795,DESP,39,BUY,265,174.33,SELL,2024-08-08 12:06:45
ORD03517,AEM,13,BUY,113,271.83,SELL,2024-02-09 15:07:03
ORD00519,IBM,19,SELL,238,292.7,BUY,2024-09-11 12:03:27
ORD01507,XPEV,40,SELL,346,389.6,BUY,2024-08-02 13:15:49
ORD00768,LYFT,14,BUY,364,231.32,SELL,2024-09-02 11:52:42
ORD02637,STNE,31,SELL,130,330.5,BUY,2024-10-31 11:36:49
ORD02744,ARCO,30,BUY,275,467.43,SELL,2024-10-17 10:44:06
ORD00422,BABA,27,SELL,348,451.54,BUY,2024-01-30 12:52:31
ORD00124,AMZN,29,SELL,66,183.22,BUY,2024-06-10 10:18:24
ORD02742,ARCO,20,SELL,309,509.78,BUY,2024-10-17 15:54:37
ORD03755,EXK,8,BUY,358,358.62,SELL,2024-06-14 13:59:47
ORD01809,UPST,3,SELL,160,419.15,BUY,2024-04-10 15:45:25
ORD00820,SNAP,17,SELL,67,399.57,BUY,2024-01-09 15:31:50
ORD01404,RIVN,16,BUY,197,188.56,SELL,2024-06-26 12:46:34
ORD01383,LCID,25,BUY,376,246.21,SELL,2024-03-13 12:28:13
ORD00101,GOOGL,39,SELL,166,482.37,BUY,2024-03-18 12:11:29
ORD03514,AEM,2,BUY,52,278.69,SELL,2024-02-09 14:01:37
ORD01284,AFRM,17,SELL,272,432.1,BUY,2024-04-02 13:35:24
ORD03690,FSM,14,SELL,77,143.29,BUY,2024-09-23 15:12:57
ORD03037,AGRO,22,SELL,81,95.37,BUY,2024-05-06 12:51:23
ORD03491,AEM,36,SELL,150,281.51,BUY,2024-02-09 11:49:18
ORD01104,DOCU,8,SELL,298,52.33,BUY,2024-04-26 12:34:27
ORD02921,IRSA,16,SELL,392,52.17,BUY,2024-02-01 10:08:03
ORD03170,ITUB,11,SELL,397,111.51,BUY,2024-03-29 09:41:04
ORD03187,ITUB,10,BUY,120,111.15,SELL,2024-03-29 14:34:24
ORD02861,LOMA,35,BUY,260,29.36,SELL,2024-11-06 10:21:04
ORD01353,SOFI,27,SELL,132,376.41,BUY,2024-05-08 12:48:19
ORD01565,BYND,13,BUY,427,393.66,SELL,2024-09-17 10:38:07
ORD03307,SUZB,30,SELL,435,410.97,BUY,2024-02-05 14:51:34
ORD03077,CAAP,35,SELL,302,62.93,BUY,2024-10-11 14:00:22
ORD00983,SQ,22,BUY,194,24.14,SELL,2024-02-08 14:19:25
ORD00457,ORCL,21,BUY,468,30.32,SELL,2024-07-10 12:52:26
ORD03612,HL,28,SELL,408,115.86,BUY,2024-07-10 13:12:51
ORD02950,IRSA,36,SELL,224,52.19,BUY,2024-02-01 11:50:32
ORD02821,VIST,21,SELL,243,322.01,BUY,2024-04-09 11:05:41
ORD00382,AMD,7,BUY,82,100.13,SELL,2024-04-24 14:03:00
ORD03724,EXK,14,BUY,258,411.79,SELL,2024-06-14 09:41:41
ORD01883,ROOT,19,BUY,355,317.82,SELL,2024-08-27 10:30:12
ORD03340,MGLU,22,SELL,434,253.59,BUY,2024-12-31 13:35:36
ORD01011,ROKU,36,BUY,337,257.61,SELL,2024-05-15 14:12:28
ORD01593,BYND,40,SELL,358,394.07,BUY,2024-09-17 15:58:32
ORD03990,BITF,22,BUY,185,281.12,SELL,2024-04-15 15:29:17
ORD00663,CRM,30,BUY,129,104.2,SELL,2024-06-10 10:36:38
ORD02629,STNE,2,BUY,500,311.56,SELL,2024-10-31 14:39:16
ORD03652,CDE,24,BUY,270,449.44,SELL,2024-05-28 09:48:18
ORD03620,HL,9,BUY,141,102.38,SELL,2024-07-10 15:24:05
ORD01790,DUOL,8,SELL,479,346.82,BUY,2024-09-16 14:49:14
ORD02988,BIOX,23,BUY,364,98.63,SELL,2024-05-08 15:23:44
ORD03122,PBR,7,SELL,386,287.07,BUY,2024-05-01 09:45:20
ORD03028,AGRO,14,BUY,332,96.73,SELL,2024-05-06 12:00:55
ORD03576,AG,1,SELL,111,148.14,BUY,2024-11-12 11:42:21
ORD00846,TWTR,24,SELL,72,387.15,BUY,2024-04-15 13:36:53
ORD00543,CSCO,32,SELL,36,110.88,BUY,2024-12-17 09:48:40
ORD00092,GOOGL,4,BUY,188,474.76,SELL,2024-03-18 10:12:23
ORD03547,KGC,6,SELL,20,107.59,BUY,2024-02-19 10:53:47
ORD03123,PBR,17,BUY,5,290.81,SELL,2024-05-01 15:59:27
ORD01197,RBLX,34,SELL,177,91.27,BUY,2024-12-20 12:43:41
ORD01103,DOCU,36,BUY,303,50.44,SELL,2024-04-26 11:44:54
ORD02671,PAGS,20,BUY,92,74.26,SELL,2024-01-02 12:03:51
ORD01792,DUOL,35,SELL,234,317.76,BUY,2024-09-16 12:18:35
ORD02250,COMP,12,BUY,279,418.4,SELL,2024-10-14 13:46:25
ORD01827,UPST,13,SELL,423,479.28,BUY,2024-04-10 10:24:56
ORD02150,OPEN,30,SELL,81,450.53,BUY,2024-03-25 15:24:04
ORD03578,AG,22,BUY,290,127.93,SELL,2024-11-12 09:38:25
ORD01776,DUOL,7,BUY,304,298.93,SELL,2024-09-16 10:57:45
ORD01049,ZM,31,BUY,23,274.13,SELL,2024-11-04 12:57:22
ORD02822,VIST,32,BUY,95,322.97,SELL,2024-04-09 14:29:15
ORD01832,UPST,2,BUY,48,427.84,SELL,2024-04-10 12:32:59
ORD00899,SPOT,11,SELL,115,189.95,BUY,2024-12-10 12:18:57
ORD01460,NIO,23,SELL,251,127.37,BUY,2024-02-19 12:04:29
ORD01612,SPCE,33,BUY,250,252.67,SELL,2024-07-10 11:32:12
ORD00238,META,28,BUY,36,70.6,SELL,2024-03-04 12:37:47
ORD01502,XPEV,27,BUY,279,378.12,SELL,2024-08-02 11:52:15
ORD02341,ABNB,12,SELL,191,430.97,BUY,2024-11-06 10:08:51
ORD01134,PLTR,21,BUY,1,105.39,SELL,2024-10-08 14:05:08
ORD02882,CEPU,2,BUY,354,407.9,SELL,2024-09-13 13:48:26
ORD02719,GLOB,37,BUY,353,48.52,SELL,2024-04-02 12:04:59
ORD00164,TSLA,21,SELL,85,135.69,BUY,2024-12-23 10:52:21
ORD02289,HOUS,15,BUY,301,241.24,SELL,2024-09-24 13:00:50
ORD01836,UPST,34,SELL,103,455.86,BUY,2024-04-10 14:44:44
ORD00253,NVDA,32,BUY,347,88.82,SELL,2024-11-05 09:42:02
ORD02290,HOUS,14,BUY,400,224.43,SELL,2024-09-24 12:11:58
ORD03384,RENT,30,SELL,274,417.38,BUY,2024-12-19 11:01:00
ORD02806,VIST,30,BUY,268,316.15,SELL,2024-04-09 11:20:55
ORD01539,LI,5,BUY,254,173.34,SELL,2024-10-30 14:59:32
ORD00931,SHOP,13,SELL,285,155.92,BUY,2024-03-29 10:35:46
ORD02026,ETSY,26,BUY,300,310.05,SELL,2024-12-09 15:13:03
ORD01698,PENN,8,SELL,499,135.47,BUY,2024-10-15 10:50:00
ORD03908,MARA,30,BUY,86,121.12,SELL,2024-10-07 12:59:56
ORD02979,BIOX,38,SELL,397,109.11,BUY,2024-05-08 15:37:44
ORD03393,RENT,5,BUY,25,400.62,SELL,2024-12-19 12:32:29
ORD02403,GRAB,34,BUY,451,60.13,SELL,2024-07-18 10:30:20
ORD02227,RDFN,7,SELL,20,474.15,BUY,2024-10-30 15:48:38
ORD02226,RDFN,25,BUY,49,454.86,SELL,2024-10-30 14:30:17
ORD01091,DOCU,30,BUY,163,55.28,SELL,2024-04-26 13:22:14
ORD03179,ITUB,7,BUY,379,106.56,SELL,2024-03-29 09:35:52
ORD03827,MAG,21,SELL,27,87.23,BUY,2024-12-16 14:53:16
ORD01938,PTON,23,BUY,383,47.45,SELL,2024-12-26 14:05:59
ORD01182,RBLX,29,BUY,459,99.11,SELL,2024-12-20 15:33:50
ORD01453,NIO,34,BUY,158,115.0,SELL,2024-02-19 15:20:08
ORD00594,QCOM,26,SELL,156,520.31,BUY,2024-01-25 14:15:19
ORD00678,CRM,25,BUY,399,106.02,SELL,2024-06-10 10:47:46
ORD00042,MSFT,18,SELL,23,13.62,BUY,2024-05-08 14:10:32
ORD01834,UPST,23,BUY,207,445.71,SELL,2024-04-10 12:18:45
ORD02390,DASH,9,BUY,114,120.55,SELL,2024-12-25 10:58:48
ORD02155,OPEN,35,SELL,178,467.76,BUY,2024-03-25 14:30:08
ORD01942,PTON,29,BUY,386,45.7,SELL,2024-12-26 13:09:10
ORD00244,NVDA,39,SELL,169,93.09,BUY,2024-11-05 10:48:53
ORD01125,PLTR,9,BUY,495,114.94,SELL,2024-10-08 10:28:03
ORD01340,SOFI,16,BUY,491,383.96,SELL,2024-05-08 09:42:33
ORD01867,LMND,2,BUY,496,309.62,SELL,2024-04-02 13:02:20
ORD03215,BBD,10,BUY,493,160.53,SELL,2024-03-22 14:23:45
ORD03168,ITUB,27,BUY,419,99.77,SELL,2024-03-29 14:15:02
ORD01443,NIO,16,BUY,168,115.23,SELL,2024-02-19 15:08:39
ORD00262,NVDA,40,BUY,397,94.69,SELL,2024-11-05 09:33:37
ORD03722,EXK,39,SELL,32,396.91,BUY,2024-06-14 13:58:44
ORD03255,BRKM,37,SELL,376,77.36,BUY,2024-09-05 12:57:36
ORD02243,COMP,31,SELL,207,446.23,BUY,2024-10-14 09:58:26
ORD02689,GLOB,18,SELL,377,48.92,BUY,2024-04-02 13:33:04
ORD02655,PAGS,31,BUY,296,68.33,SELL,2024-01-02 11:09:09
ORD00835,SNAP,23,BUY,386,396.06,SELL,2024-01-09 15:54:46
ORD03566,AG,20,SELL,49,149.45,BUY,2024-11-12 14:55:06
ORD03666,CDE,30,SELL,35,478.17,BUY,2024-05-28 12:29:27
ORD03001,AGRO,38,BUY,143,92.6,SELL,2024-05-06 12:15:00
ORD02803,VIST,13,SELL,215,332.25,BUY,2024-04-09 13:33:33
ORD00341,INTC,34,SELL,147,76.44,BUY,2024-07-29 13:37:54
ORD01873,LMND,14,BUY,272,305.52,SELL,2024-04-02 11:15:51
ORD00749,UBER,2,BUY,285,473.56,SELL,2024-03-12 14:53:27
ORD01892,ROOT,33,BUY,176,301.01,SELL,2024-08-27 13:43:12
ORD00481,IBM,23,BUY,273,286.03,SELL,2024-09-11 11:42:37
ORD01865,LMND,27,BUY,14,288.29,SELL,2024-04-02 10:47:35
ORD02219,RDFN,31,BUY,360,467.98,SELL,2024-10-30 09:52:17
ORD02616,STNE,3,SELL,173,368.43,BUY,2024-10-31 15:11:26
ORD02269,COMP,36,BUY,95,471.89,SELL,2024-10-14 12:58:16
ORD00784,LYFT,12,SELL,364,249.0,BUY,2024-09-02 11:04:09
ORD03425,BEEF,12,BUY,208,205.58,SELL,2024-10-30 11:29:01
ORD03301,SUZB,24,BUY,39,429.01,SELL,2024-02-05 11:15:02
ORD02607,STNE,25,SELL,256,347.93,BUY,2024-10-31 15:04:02
ORD03196,ITUB,16,SELL,159,110.79,BUY,2024-03-29 12:33:57
ORD03637,HL,22,BUY,121,115.67,SELL,2024-07-10 12:42:20
ORD02494,DIDI,27,SELL,486,514.75,BUY,2024-05-27 12:21:36
ORD01726,CHGG,17,BUY,50,317.72,SELL,2024-01-08 14:26:34
ORD01845,LMND,22,SELL,281,335.6,BUY,2024-04-02 15:54:05
ORD02621,STNE,1,BUY,302,309.65,SELL,2024-10-31 11:18:34
ORD02811,VIST,18,BUY,490,286.44,SELL,2024-04-09 13:50:59
ORD01785,DUOL,4,SELL,212,352.57,BUY,2024-09-16 12:42:21
ORD01272,HOOD,5,BUY,282,53.39,SELL,2024-07-02 10:01:52
ORD03229,BBD,40,BUY,243,164.19,SELL,2024-03-22 14:22:47
ORD02003,ETSY,35,SELL,148,322.09,BUY,2024-12-09 13:14:40
ORD01128,PLTR,8,SELL,174,112.1,BUY,2024-10-08 14:21:34
ORD00627,ADBE,18,BUY,216,140.34,SELL,2024-01-17 11:45:38
ORD00348,INTC,33,BUY,461,71.48,SELL,2024-07-29 13:06:54
ORD03503,AEM,12,BUY,80,285.52,SELL,2024-02-09 14:48:42
ORD02542,MELI,39,BUY,343,74.21,SELL,2024-02-16 12:52:48
ORD01566,BYND,33,BUY,135,360.24,SELL,2024-09-17 13:47:11
ORD02099,CVNA,26,SELL,222,312.83,BUY,2024-03-01 14:03:14
ORD00980,SQ,30,SELL,128,27.25,BUY,2024-02-08 12:07:20
ORD01424,RIVN,29,SELL,161,186.96,BUY,2024-06-26 12:47:51
ORD03438,BEEF,24,BUY,307,202.57,SELL,2024-10-30 11:57:01
ORD03366,RENT,23,BUY,171,442.58,SELL,2024-12-19 12:28:23
ORD00912,SPOT,13,BUY,117,184.33,SELL,2024-12-10 10:57:58
ORD02496,DIDI,23,SELL,318,519.2,BUY,2024-05-27 15:36:21
ORD00633,ADBE,16,BUY,251,152.54,SELL,2024-01-17 11:28:16
ORD01750,CHGG,1,BUY,6,299.06,SELL,2024-01-08 13:56:35
ORD00446,ORCL,34,BUY,281,31.01,SELL,2024-07-10 10:11:28
ORD00618,ADBE,11,SELL,81,146.95,BUY,2024-01-17 13:22:10
ORD02104,CVNA,17,BUY,255,298.51,SELL,2024-03-01 10:11:09
ORD01897,ROOT,10,BUY,216,311.52,SELL,2024-08-27 10:09:31
ORD02171,EXPI,2,SELL,128,357.71,BUY,2024-02-14 12:51:52
ORD02595,NU,31,SELL,194,69.79,BUY,2024-09-06 11:35:06
ORD02844,LOMA,6,SELL,142,31.04,BUY,2024-11-06 13:36:37
ORD02432,GRAB,21,BUY,116,59.77,SELL,2024-07-18 10:08:28
ORD03390,RENT,1,SELL,459,455.57,BUY,2024-12-19 09:38:27
ORD03375,RENT,14,SELL,453,444.18,BUY,2024-12-19 13:38:39
ORD01466,NIO,11,BUY,257,110.33,SELL,2024-02-19 13:26:03
ORD01673,DKNG,24,SELL,133,203.04,BUY,2024-07-10 15:29:40
ORD02114,CVNA,32,BUY,65,319.59,SELL,2024-03-01 15:52:53
ORD00116,GOOGL,33,BUY,296,454.1,SELL,2024-03-18 15:35:22
ORD01495,XPEV,30,BUY,152,353.27,SELL,2024-08-02 11:33:46
ORD00354,INTC,6,BUY,121,72.39,SELL,2024-07-29 10:56:06
ORD01233,COIN,15,SELL,470,297.4,BUY,2024-09-23 11:22:48
ORD00614,ADBE,22,SELL,290,148.12,BUY,2024-01-17 11:56:16
ORD03507,AEM,40,SELL,99,267.03,BUY,2024-02-09 11:44:16
ORD03791,GPL,34,SELL,379,77.14,BUY,2024-11-20 09:38:21
ORD02345,ABNB,21,SELL,494,476.65,BUY,2024-11-06 10:47:02
ORD03715,FSM,18,SELL,158,128.01,BUY,2024-09-23 09:39:18
ORD02638,STNE,11,BUY,182,318.34,SELL,2024-10-31 13:18:43
ORD03759,EXK,20,SELL,201,424.58,BUY,2024-06-14 12:56:46
ORD00058,MSFT,37,BUY,12,12.88,SELL,2024-05-08 09:43:57
ORD03098,VALE,14,SELL,376,113.32,BUY,2024-05-31 14:28:40
ORD03991,BITF,34,BUY,159,281.01,SELL,2024-04-15 14:39:35
ORD02906,CEPU,19,SELL,359,420.97,BUY,2024-09-13 12:33:42
ORD03912,MARA,18,SELL,437,127.48,BUY,2024-10-07 15:03:28
ORD01254,HOOD,33,BUY,391,57.82,SELL,2024-07-02 12:55:46
ORD03330,MGLU,4,BUY,386,232.66,SELL,2024-12-31 11:05:40
ORD02504,DIDI,2,SELL,214,535.4,BUY,2024-05-27 15:39:58
ORD02334,ABNB,33,BUY,45,432.27,SELL,2024-11-06 11:47:14
ORD03528,KGC,15,SELL,159,108.17,BUY,2024-02-19 15:07:55
ORD03813,MAG,18,BUY,283,82.71,SELL,2024-12-16 15:02:10
ORD01903,ROOT,15,SELL,149,329.96,BUY,2024-08-27 13:17:59
ORD02260,COMP,34,SELL,45,489.21,BUY,2024-10-14 12:22:55
ORD01899,ROOT,18,SELL,319,322.32,BUY,2024-08-27 11:43:30
ORD00561,QCOM,27,BUY,47,474.88,SELL,2024-01-25 10:50:48
ORD00708,PYPL,6,SELL,450,95.35,BUY,2024-01-25 10:45:15
ORD01648,DKNG,40,BUY,171,203.33,SELL,2024-07-10 13:04:29
ORD00425,BABA,11,SELL,476,425.34,BUY,2024-01-30 13:29:01
ORD01094,DOCU,17,BUY,447,54.56,SELL,2024-04-26 14:11:20
ORD01377,LCID,31,BUY,455,246.05,SELL,2024-03-13 10:11:18
ORD00648,CRM,7,BUY,384,99.07,SELL,2024-06-10 14:39:06
ORD00073,MSFT,30,BUY,44,13.37,SELL,2024-05-08 14:51:20
ORD02523,MELI,17,SELL,17,78.72,BUY,2024-02-16 14:10:04
ORD01887,ROOT,37,SELL,443,326.07,BUY,2024-08-27 15:13:44
ORD01727,CHGG,37,BUY,93,317.8,SELL,2024-01-08 15:45:34
ORD01006,ROKU,28,BUY,162,243.41,SELL,2024-05-15 09:43:40
ORD00621,ADBE,34,BUY,174,148.36,SELL,2024-01-17 15:46:51
ORD03320,SUZB,8,SELL,7,419.45,BUY,2024-02-05 13:39:17
ORD00288,NFLX,22,BUY,403,284.41,SELL,2024-11-05 10:24:05
ORD00554,CSCO,21,BUY,4,98.38,SELL,2024-12-17 15:48:06
ORD02382,DASH,19,SELL,459,126.69,BUY,2024-12-25 10:18:56
ORD01895,ROOT,29,BUY,324,288.41,SELL,2024-08-27 10:42:46
ORD02145,OPEN,36,SELL,23,490.09,BUY,2024-03-25 11:12:47
ORD01555,LI,19,BUY,343,168.58,SELL,2024-10-30 13:02:55
ORD03546,KGC,32,BUY,481,100.67,SELL,2024-02-19 10:32:19
ORD02258,COMP,4,BUY,196,417.32,SELL,2024-10-14 10:47:23
ORD02548,MELI,15,BUY,202,71.42,SELL,2024-02-16 12:37:11
ORD00999,SQ,9,SELL,371,27.49,BUY,2024-02-08 10:41:40
ORD03178,ITUB,13,SELL,354,115.04,BUY,2024-03-29 09:36:06
ORD01690,PENN,18,BUY,8,142.31,SELL,2024-10-15 10:13:42
ORD03274,BRKM,24,BUY,96,66.56,SELL,2024-09-05 12:00:05
ORD01398,LCID,20,SELL,204,243.3,BUY,2024-03-13 09:40:42
ORD01578,BYND,11,BUY,374,355.96,SELL,2024-09-17 15:38:30
ORD01621,SPCE,21,SELL,100,252.54,BUY,2024-07-10 15:43:25
ORD03654,CDE,31,SELL,19,496.48,BUY,2024-05-28 13:24:36
ORD03726,EXK,37,BUY,359,379.2,SELL,2024-06-14 11:19:03
ORD03978,BITF,17,BUY,368,265.41,SELL,2024-04-15 12:34:06
ORD02322,ABNB,28,BUY,339,451.17,SELL,2024-11-06 11:14:59
ORD03590,AG,39,SELL,365,150.07,BUY,2024-11-12 13:39:21
ORD00441,ORCL,6,BUY,452,28.5,SELL,2024-07-10 11:55:34
ORD00509,IBM,15,SELL,46,283.36,BUY,2024-09-11 13:02:32
ORD01101,DOCU,34,BUY,117,50.9,SELL,2024-04-26 15:34:28
ORD00590,QCOM,40,SELL,180,500.41,BUY,2024-01-25 13:05:27
ORD01961,FVRR,3,SELL,388,173.5,BUY,2024-04-05 14:35:02
ORD00650,CRM,36,BUY,153,101.2,SELL,2024-06-10 10:41:06
ORD01547,LI,8,BUY,381,172.63,SELL,2024-10-30 10:13:27
ORD03640,HL,18,SELL,84,118.49,BUY,2024-07-10 15:23:55
ORD03920,MARA,24,SELL,290,126.99,BUY,2024-10-07 13:58:24
ORD02324,ABNB,36,SELL,62,439.77,BUY,2024-11-06 13:32:09
ORD03856,RIOT,40,SELL,402,329.69,BUY,2024-01-22 15:00:16
ORD02535,MELI,7,SELL,16,71.28,BUY,2024-02-16 12:26:52
ORD01456,NIO,7,SELL,84,125.96,BUY,2024-02-19 15:26:40
ORD02246,COMP,18,SELL,278,478.94,BUY,2024-10-14 14:28:35
ORD00661,CRM,15,BUY,225,109.55,SELL,2024-06-10 15:29:55
ORD00631,ADBE,21,BUY,330,139.72,SELL,2024-01-17 13:57:40
ORD00673,CRM,17,BUY,376,109.19,SELL,2024-06-10 15:53:58
ORD01250,HOOD,18,BUY,375,59.95,SELL,2024-07-02 13:55:46
ORD01739,CHGG,8,BUY,275,312.09,SELL,2024-01-08 15:26:06
ORD00483,IBM,35,BUY,287,272.36,SELL,2024-09-11 14:37:43
ORD01585,BYND,9,BUY,270,338.17,SELL,2024-09-17 12:11:38
ORD01980,FVRR,31,BUY,97,179.19,SELL,2024-04-05 15:34:50
ORD03409,BEEF,11,SELL,334,211.27,BUY,2024-10-30 09:41:01
ORD01939,PTON,24,BUY,87,48.81,SELL,2024-12-26 12:43:00
ORD01463,NIO,39,SELL,333,121.19,BUY,2024-02-19 12:03:35
ORD02765,DESP,23,SELL,285,179.19,BUY,2024-08-08 11:05:45
ORD02571,NU,23,BUY,177,66.43,SELL,2024-09-06 13:22:08
ORD02380,DASH,23,BUY,402,119.86,SELL,2024-12-25 12:33:11
ORD00857,TWTR,8,BUY,399,369.2,SELL,2024-04-15 11:07:23
ORD01226,COIN,33,BUY,265,287.6,SELL,2024-09-23 15:18:17
ORD01191,RBLX,18,BUY,243,97.88,SELL,2024-12-20 14:03:01
ORD02766,DESP,2,SELL,223,176.91,BUY,2024-08-08 11:14:04
ORD03282,SUZB,28,SELL,162,418.35,BUY,2024-02-05 12:36:19
ORD00531,CSCO,28,BUY,471,103.9,SELL,2024-12-17 10:45:49
ORD02658,PAGS,40,SELL,52,74.99,BUY,2024-01-02 13:46:42
ORD00050,MSFT,15,SELL,53,14.56,BUY,2024-05-08 14:42:01
ORD03695,FSM,3,SELL,395,140.42,BUY,2024-09-23 10:38:53
ORD03683,FSM,22,SELL,49,132.86,BUY,2024-09-23 11:02:28
ORD00859,TWTR,18,BUY,391,350.25,SELL,2024-04-15 12:43:12
ORD02923,IRSA,27,SELL,346,48.73,BUY,2024-02-01 15:44:02
ORD01073,ZM,3,SELL,192,293.76,BUY,2024-11-04 13:48:46
ORD00720,PYPL,5,BUY,150,99.48,SELL,2024-01-25 13:27:10
ORD00152,AMZN,30,BUY,437,168.81,SELL,2024-06-10 15:12:24
ORD02167,EXPI,30,SELL,13,330.68,BUY,2024-02-14 12:16:23
ORD02981,BIOX,40,BUY,292,104.28,SELL,2024-05-08 10:27:26
ORD01661,DKNG,18,BUY,261,201.1,SELL,2024-07-10 13:52:14
ORD01657,DKNG,1,SELL,215,200.76,BUY,2024-07-10 11:52:13
ORD02178,EXPI,7,BUY,346,315.8,SELL,2024-02-14 15:30:24
ORD02313,HOUS,35,SELL,354,227.87,BUY,2024-09-24 15:16:44
ORD03082,VALE,30,BUY,116,102.75,SELL,2024-05-31 15:36:46
ORD02173,EXPI,34,BUY,150,339.89,SELL,2024-02-14 14:27:16
ORD02956,IRSA,30,BUY,13,46.5,SELL,2024-02-01 12:26:04
ORD02858,LOMA,17,BUY,293,26.58,SELL,2024-11-06 14:07:36
ORD02944,IRSA,2,BUY,483,45.07,SELL,2024-02-01 15:21:43
ORD03600,AG,13,BUY,428,136.13,SELL,2024-11-12 14:18:55
ORD02729,ARCO,5,SELL,152,496.66,BUY,2024-10-17 15:18:30
ORD02223,RDFN,26,SELL,481,444.4,BUY,2024-10-30 10:03:58
ORD01768,DUOL,6,SELL,379,348.29,BUY,2024-09-16 12:26:46
ORD01784,DUOL,28,SELL,11,356.75,BUY,2024-09-16 11:23:28
ORD03012,AGRO,31,SELL,276,90.56,BUY,2024-05-06 12:59:06
ORD01386,LCID,5,BUY,270,248.23,SELL,2024-03-13 14:23:27
ORD02514,DIDI,24,BUY,390,509.37,SELL,2024-05-27 12:22:21
ORD01400,LCID,34,SELL,153,259.95,BUY,2024-03-13 14:15:57
ORD01196,RBLX,15,BUY,370,91.8,SELL,2024-12-20 13:14:52
ORD03766,GPL,32,SELL,109,78.98,BUY,2024-11-20 15:05:59
ORD01476,NIO,25,SELL,224,124.26,BUY,2024-02-19 15:30:15
ORD02487,DIDI,6,SELL,74,542.26,BUY,2024-05-27 11:56:51
ORD03496,AEM,32,BUY,334,248.7,SELL,2024-02-09 13:13:50
ORD02881,CEPU,38,BUY,46,421.28,SELL,2024-09-13 10:16:26
ORD00298,NFLX,40,SELL,199,280.81,BUY,2024-11-05 10:13:22
ORD02078,WMT,31,BUY,277,143.58,SELL,2024-02-23 12:11:00
ORD01265,HOOD,10,BUY,150,56.5,SELL,2024-07-02 15:24:02
ORD03334,MGLU,25,SELL,134,248.34,BUY,2024-12-31 11:32:27
ORD00959,SHOP,28,BUY,396,166.34,SELL,2024-03-29 15:58:44
ORD01607,SPCE,38,SELL,40,276.21,BUY,2024-07-10 14:36:43
ORD02708,GLOB,11,BUY,350,48.39,SELL,2024-04-02 11:13:09
ORD00909,SPOT,29,SELL,94,199.5,BUY,2024-12-10 11:57:22
ORD01930,PTON,12,BUY,245,48.14,SELL,2024-12-26 14:01:08
ORD01610,SPCE,39,BUY,141,237.35,SELL,2024-07-10 12:53:45
ORD02928,IRSA,10,BUY,412,49.18,SELL,2024-02-01 14:28:11
ORD01375,LCID,19,BUY,407,236.37,SELL,2024-03-13 12:34:29
ORD01287,AFRM,39,SELL,2,406.11,BUY,2024-04-02 09:44:30
ORD03987,BITF,36,BUY,488,248.84,SELL,2024-04-15 13:41:46
ORD00350,INTC,20,SELL,319,71.89,BUY,2024-07-29 14:02:46
ORD01369,LCID,10,SELL,475,259.03,BUY,2024-03-13 15:54:39
ORD02131,OPEN,21,BUY,404,442.93,SELL,2024-03-25 12:32:25
ORD00644,CRM,3,SELL,73,111.76,BUY,2024-06-10 11:09:24
ORD02866,LOMA,33,BUY,233,26.4,SELL,2024-11-06 11:16:48
ORD02043,WMT,30,BUY,340,142.26,SELL,2024-02-23 13:44:36
ORD01682,PENN,13,BUY,304,135.87,SELL,2024-10-15 09:35:35
ORD00670,CRM,34,BUY,322,109.69,SELL,2024-06-10 10:10:17
ORD03623,HL,14,SELL,44,111.03,BUY,2024-07-10 15:17:26
ORD02128,OPEN,31,SELL,270,495.38,BUY,2024-03-25 11:57:33
ORD03261,BRKM,28,SELL,298,71.17,BUY,2024-09-05 10:53:09
ORD02769,DESP,33,SELL,13,176.85,BUY,2024-08-08 14:13:23
ORD01819,UPST,16,BUY,56,449.0,SELL,2024-04-10 10:33:33
ORD01180,RBLX,21,BUY,148,93.91,SELL,2024-12-20 15:58:41
ORD03368,RENT,13,BUY,260,402.71,SELL,2024-12-19 12:19:01
ORD03955,HUT,32,SELL,288,421.34,BUY,2024-12-04 12:56:49
ORD02209,RDFN,13,BUY,495,442.12,SELL,2024-10-30 12:00:16
ORD01851,LMND,28,SELL,270,296.27,BUY,2024-04-02 13:48:14
ORD01588,BYND,19,SELL,18,381.55,BUY,2024-09-17 14:04:50
ORD03796,GPL,1,SELL,258,79.27,BUY,2024-11-20 10:58:53
ORD02255,COMP,29,BUY,13,411.82,SELL,2024-10-14 13:20:11
ORD02373,DASH,32,BUY,177,121.23,SELL,2024-12-25 13:00:19
ORD01358,SOFI,28,BUY,465,400.02,SELL,2024-05-08 12:29:22
ORD00787,LYFT,9,BUY,63,226.87,SELL,2024-09-02 15:27:50
ORD03587,AG,7,SELL,352,150.19,BUY,2024-11-12 12:46:46
ORD00141,AMZN,4,SELL,75,202.26,BUY,2024-06-10 10:58:28
ORD00789,LYFT,15,BUY,300,209.5,SELL,2024-09-02 10:21:49
ORD00324,INTC,23,BUY,187,68.7,SELL,2024-07-29 12:02:09
ORD02690,GLOB,28,BUY,137,44.76,SELL,2024-04-02 11:39:43
ORD00715,PYPL,38,SELL,57,97.71,BUY,2024-01-25 13:26:30
ORD02196,EXPI,28,BUY,70,352.09,SELL,2024-02-14 12:27:43
ORD03310,SUZB,4,SELL,246,419.12,BUY,2024-02-05 15:16:24
ORD03688,FSM,32,BUY,267,134.38,SELL,2024-09-23 09:49:06
ORD03180,ITUB,38,BUY,184,102.26,SELL,2024-03-29 15:43:38
ORD03521,KGC,25,SELL,327,105.94,BUY,2024-02-19 14:39:02
ORD01908,ROOT,26,SELL,173,313.93,BUY,2024-08-27 09:40:41
ORD00619,ADBE,25,BUY,47,150.17,SELL,2024-01-17 14:47:29
ORD00407,BABA,21,BUY,186,435.09,SELL,2024-01-30 09:58:13
ORD02207,RDFN,19,BUY,47,466.69,SELL,2024-10-30 10:10:20
ORD02038,ETSY,19,SELL,49,312.95,BUY,2024-12-09 13:38:58
ORD03083,VALE,29,SELL,440,109.36,BUY,2024-05-31 12:20:22
ORD02853,LOMA,2,BUY,150,25.57,SELL,2024-11-06 13:11:50
ORD02418,GRAB,17,SELL,334,65.02,BUY,2024-07-18 13:32:54
ORD00498,IBM,17,SELL,258,280.97,BUY,2024-09-11 09:36:19
ORD03915,MARA,28,BUY,207,129.54,SELL,2024-10-07 13:14:53
ORD00343,INTC,27,BUY,482,74.73,SELL,2024-07-29 10:45:48
ORD02578,NU,25,SELL,489,73.04,BUY,2024-09-06 12:59:17
ORD03921,HUT,14,BUY,48,386.67,SELL,2024-12-04 09:40:37
ORD00783,LYFT,27,BUY,462,227.4,SELL,2024-09-02 15:08:06
ORD03005,AGRO,35,BUY,253,86.73,SELL,2024-05-06 14:58:06
ORD01324,SOFI,33,SELL,336,376.66,BUY,2024-05-08 11:43:07
ORD03461,GOLD,21,BUY,55,356.27,SELL,2024-05-07 11:44:20
ORD03778,GPL,26,SELL,77,74.1,BUY,2024-11-20 11:09:22
ORD00304,NFLX,39,BUY,365,250.0,SELL,2024-11-05 14:23:37
ORD03371,RENT,7,BUY,85,398.54,SELL,2024-12-19 14:07:05
ORD02460,SEA,36,BUY,182,333.98,SELL,2024-04-02 15:25:31
ORD00665,CRM,22,BUY,53,107.09,SELL,2024-06-10 09:59:46
ORD01178,RBLX,37,BUY,155,94.02,SELL,2024-12-20 13:49:01
ORD01245,HOOD,2,SELL,144,59.39,BUY,2024-07-02 12:10:37
ORD02437,GRAB,24,BUY,148,60.28,SELL,2024-07-18 12:50:52
ORD03358,MGLU,12,BUY,424,240.86,SELL,2024-12-31 12:24:42
ORD03132,PBR,24,SELL,407,281.74,BUY,2024-05-01 09:44:11
ORD03565,AG,19,BUY,248,129.63,SELL,2024-11-12 11:38:53
ORD02869,LOMA,7,SELL,132,28.68,BUY,2024-11-06 14:25:47
ORD00085,GOOGL,7,SELL,192,496.9,BUY,2024-03-18 13:45:28
ORD03451,GOLD,10,SELL,113,381.59,BUY,2024-05-07 10:56:20
ORD01801,UPST,9,SELL,222,445.99,BUY,2024-04-10 14:37:53
ORD00942,SHOP,27,BUY,420,152.69,SELL,2024-03-29 15:05:55
ORD00962,SQ,23,BUY,451,23.23,SELL,2024-02-08 11:40:09
ORD00842,TWTR,3,SELL,90,390.98,BUY,2024-04-15 09:37:14
ORD02603,STNE,9,SELL,251,362.12,BUY,2024-10-31 10:30:13
ORD02686,GLOB,16,BUY,211,48.72,SELL,2024-04-02 11:47:29
ORD03150,PBR,25,BUY,332,288.64,SELL,2024-05-01 13:06:23
ORD00867,TWTR,32,SELL,102,377.5,BUY,2024-04-15 14:20:17
ORD03719,FSM,21,SELL,348,138.17,BUY,2024-09-23 13:31:52
ORD03050,CAAP,21,SELL,246,64.24,BUY,2024-10-11 14:06:35
ORD00291,NFLX,31,SELL,162,297.55,BUY,2024-11-05 12:17:55
ORD02012,ETSY,4,SELL,149,307.96,BUY,2024-12-09 10:27:55
ORD02544,MELI,18,BUY,119,71.05,SELL,2024-02-16 10:54:54
ORD02203,RDFN,4,BUY,78,426.33,SELL,2024-10-30 12:40:43
ORD03413,BEEF,25,SELL,59,233.26,BUY,2024-10-30 15:06:33
ORD03616,HL,19,SELL,148,108.53,BUY,2024-07-10 09:58:21
ORD00605,ADBE,32,BUY,413,148.79,SELL,2024-01-17 12:20:07
ORD02698,GLOB,6,SELL,7,46.7,BUY,2024-04-02 12:13:04
ORD00917,SPOT,1,SELL,465,212.08,BUY,2024-12-10 15:54:07
ORD03155,PBR,18,BUY,18,280.27,SELL,2024-05-01 14:29:04
ORD02443,SEA,13,SELL,494,342.56,BUY,2024-04-02 10:10:29
ORD01100,DOCU,25,SELL,247,60.1,BUY,2024-04-26 15:13:05
ORD01089,DOCU,33,SELL,209,60.03,BUY,2024-04-26 09:40:18
ORD03884,MARA,15,SELL,233,140.62,BUY,2024-10-07 10:40:32
ORD03152,PBR,14,BUY,431,266.65,SELL,2024-05-01 13:14:24
ORD01625,SPCE,25,BUY,451,239.59,SELL,2024-07-10 15:34:37
ORD02515,DIDI,22,BUY,26,480.62,SELL,2024-05-27 11:21:15
ORD00822,SNAP,35,SELL,148,390.79,BUY,2024-01-09 10:04:17
ORD02168,EXPI,10,BUY,266,338.2,SELL,2024-02-14 10:14:46
ORD02479,SEA,37,BUY,72,332.67,SELL,2024-04-02 09:45:47
ORD03775,GPL,2,SELL,448,78.06,BUY,2024-11-20 14:50:27
ORD03224,BBD,28,BUY,269,162.5,SELL,2024-03-22 09:48:59
ORD03689,FSM,27,SELL,397,140.16,BUY,2024-09-23 15:51:00
ORD01303,AFRM,40,BUY,28,381.51,SELL,2024-04-02 10:56:23
ORD01001,ROKU,30,BUY,344,231.77,SELL,2024-05-15 14:36:20
ORD03286,SUZB,29,BUY,477,403.01,SELL,2024-02-05 10:01:28
ORD03561,AG,33,SELL,177,143.2,BUY,2024-11-12 10:35:13
ORD01506,XPEV,2,SELL,493,381.26,BUY,2024-08-02 11:17:19
ORD01478,NIO,21,SELL,120,113.04,BUY,2024-02-19 10:53:10
ORD00019,AAPL,2,BUY,23,169.66,SELL,2024-08-27 14:57:54
ORD01638,SPCE,7,BUY,144,247.25,SELL,2024-07-10 12:38:11
ORD01668,DKNG,3,SELL,68,204.89,BUY,2024-07-10 15:48:09
ORD00494,IBM,20,SELL,190,293.08,BUY,2024-09-11 12:18:01
ORD01126,PLTR,2,SELL,455,119.59,BUY,2024-10-08 15:21:17
ORD01405,RIVN,24,SELL,405,180.44,BUY,2024-06-26 10:03:18
ORD03094,VALE,38,BUY,128,118.93,SELL,2024-05-31 11:55:32
ORD03864,RIOT,10,BUY,151,311.61,SELL,2024-01-22 10:41:20
ORD02722,ARCO,1,SELL,385,524.17,BUY,2024-10-17 13:53:51
ORD02448,SEA,33,SELL,457,357.75,BUY,2024-04-02 14:18:09
ORD02424,GRAB,37,SELL,328,60.72,BUY,2024-07-18 12:47:19
ORD02270,COMP,27,SELL,65,438.29,BUY,2024-10-14 12:18:44
ORD02133,OPEN,6,SELL,318,453.95,BUY,2024-03-25 11:20:04
ORD00585,QCOM,29,BUY,120,431.29,SELL,2024-01-25 12:25:49
ORD02624,STNE,20,SELL,91,360.04,BUY,2024-10-31 13:58:34
ORD00688,PYPL,12,SELL,30,102.03,BUY,2024-01-25 12:39:40
ORD03333,MGLU,33,SELL,234,235.37,BUY,2024-12-31 15:03:15
ORD02285,HOUS,8,BUY,77,219.63,SELL,2024-09-24 15:08:10
ORD03134,PBR,16,BUY,143,263.3,SELL,2024-05-01 14:39:20
ORD01609,SPCE,12,SELL,153,262.66,BUY,2024-07-10 09:53:34
ORD02673,PAGS,38,SELL,166,70.28,BUY,2024-01-02 10:03:03
ORD02233,RDFN,17,SELL,49,436.05,BUY,2024-10-30 11:16:11
ORD01010,ROKU,13,SELL,132,281.02,BUY,2024-05-15 09:37:53
ORD03200,ITUB,3,BUY,458,102.15,SELL,2024-03-29 15:53:29
ORD02308,HOUS,33,SELL,292,228.01,BUY,2024-09-24 11:51:21
ORD00361,AMD,6,BUY,287,103.29,SELL,2024-04-24 13:37:57
ORD03397,RENT,22,SELL,213,446.65,BUY,2024-12-19 14:39:54
ORD03648,CDE,20,BUY,32,484.93,SELL,2024-05-28 10:30:58
ORD02925,IRSA,24,BUY,245,43.69,SELL,2024-02-01 13:05:34
ORD01678,DKNG,28,SELL,214,219.97,BUY,2024-07-10 11:57:15
ORD01311,AFRM,9,BUY,475,406.86,SELL,2024-04-02 09:43:36
ORD01171,RBLX,25,SELL,188,100.23,BUY,2024-12-20 13:05:13
ORD01955,PTON,20,BUY,295,51.26,SELL,2024-12-26 15:42:07
ORD00801,SNAP,31,SELL,495,392.33,BUY,2024-01-09 12:33:13
ORD02401,GRAB,23,BUY,83,53.71,SELL,2024-07-18 09:59:48
ORD00345,INTC,4,SELL,118,80.18,BUY,2024-07-29 12:17:01
ORD02695,GLOB,15,SELL,343,49.21,BUY,2024-04-02 10:33:17
ORD00987,SQ,21,BUY,195,22.55,SELL,2024-02-08 15:48:22
ORD02526,MELI,13,BUY,38,66.84,SELL,2024-02-16 14:15:37
ORD00744,UBER,12,SELL,356,471.06,BUY,2024-03-12 11:39:43
ORD02947,IRSA,31,SELL,395,49.79,BUY,2024-02-01 09:49:05
ORD01672,DKNG,14,SELL,434,202.53,BUY,2024-07-10 10:33:04
ORD02447,SEA,31,BUY,112,355.44,SELL,2024-04-02 12:15:25
ORD02023,ETSY,12,SELL,183,295.04,BUY,2024-12-09 15:30:23
ORD00114,GOOGL,27,SELL,5,482.88,BUY,2024-03-18 10:49:02
ORD01438,RIVN,39,SELL,83,198.77,BUY,2024-06-26 15:31:42
ORD02972,BIOX,34,BUY,467,96.71,SELL,2024-05-08 13:09:31
ORD01242,HOOD,15,SELL,263,60.44,BUY,2024-07-02 15:24:20
ORD01143,PLTR,15,BUY,471,111.63,SELL,2024-10-08 09:51:07
ORD02410,GRAB,13,SELL,375,64.32,BUY,2024-07-18 13:45:00
ORD01217,COIN,18,SELL,242,314.12,BUY,2024-09-23 15:43:47
ORD01826,UPST,38,BUY,125,436.2,SELL,2024-04-10 12:05:27
ORD01199,RBLX,14,SELL,121,104.13,BUY,2024-12-20 11:58:28
ORD00086,GOOGL,18,BUY,268,489.77,SELL,2024-03-18 10:06:56
ORD01519,XPEV,10,BUY,114,355.21,SELL,2024-08-02 14:58:16
ORD03834,MAG,1,SELL,253,82.37,BUY,2024-12-16 11:14:33
ORD01382,LCID,22,SELL,103,263.12,BUY,2024-03-13 14:02:56
ORD01376,LCID,6,BUY,101,241.97,SELL,2024-03-13 15:18:27
ORD00669,CRM,14,BUY,148,97.49,SELL,2024-06-10 11:05:06
ORD02656,PAGS,6,SELL,197,77.12,BUY,2024-01-02 10:04:33
ORD01015,ROKU,38,SELL,95,257.22,BUY,2024-05-15 13:37:26
ORD00129,AMZN,27,BUY,492,186.08,SELL,2024-06-10 13:53:07
ORD01365,LCID,38,BUY,111,231.16,SELL,2024-03-13 12:20:37
ORD03145,PBR,12,SELL,63,297.91,BUY,2024-05-01 13:44:22
ORD02371,DASH,6,SELL,333,124.7,BUY,2024-12-25 11:35:39
ORD00892,SPOT,33,SELL,67,195.73,BUY,2024-12-10 10:24:50
ORD03499,AEM,22,SELL,404,265.37,BUY,2024-02-09 14:49:14
ORD01360,SOFI,20,SELL,361,402.49,BUY,2024-05-08 09:34:45
ORD00308,NFLX,34,BUY,260,256.3,SELL,2024-11-05 15:33:16
ORD02969,BIOX,21,SELL,277,105.17,BUY,2024-05-08 09:40:44
ORD03716,FSM,5,BUY,471,135.36,SELL,2024-09-23 11:27:50
ORD00384,AMD,11,SELL,349,108.28,BUY,2024-04-24 12:01:20
ORD00151,AMZN,22,BUY,401,168.45,SELL,2024-06-10 15:44:27
ORD02175,EXPI,16,SELL,361,336.44,BUY,2024-02-14 13:24:31
ORD01318,AFRM,20,BUY,457,387.34,SELL,2024-04-02 15:07:10
ORD01452,NIO,18,BUY,176,104.89,SELL,2024-02-19 13:13:31
ORD03865,RIOT,13,BUY,115,343.02,SELL,2024-01-22 11:05:49
ORD03665,CDE,7,BUY,488,478.01,SELL,2024-05-28 11:40:12
ORD00427,BABA,37,SELL,182,408.17,BUY,2024-01-30 13:54:16
ORD00495,IBM,1,SELL,472,301.21,BUY,2024-09-11 14:55:31
ORD01208,COIN,37,SELL,315,315.86,BUY,2024-09-23 11:52:13
ORD03634,HL,17,BUY,488,103.28,SELL,2024-07-10 11:39:36
ORD02472,SEA,5,BUY,346,314.8,SELL,2024-04-02 09:39:40
ORD01209,COIN,25,BUY,272,322.63,SELL,2024-09-23 12:14:12
ORD01821,UPST,18,BUY,157,419.3,SELL,2024-04-10 13:32:55
ORD03034,AGRO,17,BUY,371,97.42,SELL,2024-05-06 14:05:30
ORD03218,BBD,30,BUY,316,155.83,SELL,2024-03-22 11:43:57
ORD03672,CDE,11,BUY,458,430.72,SELL,2024-05-28 15:14:05
ORD02715,GLOB,22,BUY,135,49.64,SELL,2024-04-02 12:42:27
ORD01967,FVRR,10,SELL,128,175.13,BUY,2024-04-05 14:12:28
ORD01240,COIN,38,BUY,357,316.48,SELL,2024-09-23 14:31:02
ORD02776,DESP,7,BUY,161,188.82,SELL,2024-08-08 15:50:43
ORD02180,EXPI,29,SELL,364,328.81,BUY,2024-02-14 10:27:47
ORD00276,NVDA,38,BUY,71,95.51,SELL,2024-11-05 12:24:25
ORD00490,IBM,38,SELL,360,293.16,BUY,2024-09-11 15:06:16
ORD03154,PBR,8,SELL,139,275.33,BUY,2024-05-01 11:58:19
ORD01230,COIN,16,SELL,78,339.65,BUY,2024-09-23 13:45:44
ORD00691,PYPL,4,BUY,362,104.37,SELL,2024-01-25 15:45:53
ORD03304,SUZB,6,BUY,402,389.21,SELL,2024-02-05 15:47:21
ORD02652,PAGS,12,BUY,470,75.89,SELL,2024-01-02 13:03:54
ORD02820,VIST,6,BUY,164,308.61,SELL,2024-04-09 15:48:01
ORD02529,MELI,30,SELL,422,79.09,BUY,2024-02-16 09:40:47
ORD01781,DUOL,26,BUY,8,320.79,SELL,2024-09-16 14:02:15
ORD03663,CDE,38,BUY,173,483.83,SELL,2024-05-28 13:27:49
ORD02756,ARCO,40,BUY,186,445.82,SELL,2024-10-17 15:19:37
ORD01059,ZM,5,SELL,326,315.82,BUY,2024-11-04 11:46:21
ORD00119,GOOGL,8,BUY,459,435.92,SELL,2024-03-18 11:43:03
ORD01025,ROKU,3,BUY,29,230.6,SELL,2024-05-15 10:29:57
ORD03017,AGRO,26,BUY,431,84.44,SELL,2024-05-06 13:48:53
ORD00282,NFLX,6,SELL,320,272.84,BUY,2024-11-05 14:33:15
ORD02343,ABNB,1,SELL,136,465.61,BUY,2024-11-06 10:54:26
ORD01317,AFRM,31,SELL,226,439.56,BUY,2024-04-02 13:24:15
ORD03092,VALE,13,SELL,353,125.07,BUY,2024-05-31 14:00:08
ORD00969,SQ,38,SELL,64,26.32,BUY,2024-02-08 15:40:42
ORD01666,DKNG,17,SELL,111,195.28,BUY,2024-07-10 13:12:35
ORD03986,BITF,39,SELL,200,268.92,BUY,2024-04-15 13:19:14
ORD01906,ROOT,14,BUY,143,320.99,SELL,2024-08-27 10:21:30
ORD02565,NU,22,SELL,299,74.57,BUY,2024-09-06 15:23:01
ORD03938,HUT,9,SELL,318,404.19,BUY,2024-12-04 12:05:05
ORD02310,HOUS,38,BUY,481,235.81,SELL,2024-09-24 13:27:01
ORD00620,ADBE,7,SELL,375,142.47,BUY,2024-01-17 13:40:38
ORD02119,CVNA,38,BUY,272,304.04,SELL,2024-03-01 11:14:57
ORD01743,CHGG,31,SELL,363,308.9,BUY,2024-01-08 13:58:37
ORD03272,BRKM,18,BUY,291,66.13,SELL,2024-09-05 14:40:50
ORD00156,AMZN,28,BUY,79,190.82,SELL,2024-06-10 14:42:39
ORD01848,LMND,18,BUY,131,311.93,SELL,2024-04-02 12:56:04
ORD03899,MARA,7,SELL,254,135.26,BUY,2024-10-07 10:00:25
ORD01656,DKNG,26,BUY,391,183.84,SELL,2024-07-10 14:30:43
ORD02461,SEA,6,BUY,256,334.17,SELL,2024-04-02 09:48:22
ORD00305,NFLX,10,BUY,6,260.55,SELL,2024-11-05 10:58:38
ORD02583,NU,29,SELL,305,72.81,BUY,2024-09-06 13:38:58
ORD03389,RENT,31,SELL,360,412.2,BUY,2024-12-19 12:44:40
ORD03014,AGRO,40,SELL,480,100.88,BUY,2024-05-06 12:51:36
ORD01957,PTON,3,BUY,154,48.38,SELL,2024-12-26 14:54:17
ORD03996,BITF,12,SELL,468,282.18,BUY,2024-04-15 13:36:42
ORD02965,BIOX,24,BUY,90,105.57,SELL,2024-05-08 10:31:58
ORD01308,AFRM,8,SELL,176,435.89,BUY,2024-04-02 11:58:02
ORD02423,GRAB,40,SELL,369,61.15,BUY,2024-07-18 10:39:58
ORD00576,QCOM,28,BUY,2,463.45,SELL,2024-01-25 14:52:30
ORD02597,NU,24,BUY,11,67.54,SELL,2024-09-06 10:08:54
ORD03956,HUT,36,SELL,273,422.29,BUY,2024-12-04 11:35:45
ORD03489,AEM,10,BUY,241,267.34,SELL,2024-02-09 14:43:24
ORD01707,PENN,1,BUY,447,138.12,SELL,2024-10-15 11:49:48
ORD03501,AEM,17,SELL,480,279.46,BUY,2024-02-09 14:24:52
ORD01300,AFRM,6,BUY,6,412.91,SELL,2024-04-02 14:34:25
ORD00133,AMZN,9,BUY,182,175.73,SELL,2024-06-10 10:45:15
ORD02954,IRSA,12,SELL,95,53.09,BUY,2024-02-01 11:35:12
ORD03193,ITUB,21,SELL,281,116.5,BUY,2024-03-29 10:34:49
ORD00862,TWTR,25,BUY,232,372.7,SELL,2024-04-15 13:52:52
ORD00844,TWTR,21,BUY,222,336.65,SELL,2024-04-15 10:29:01
ORD01802,UPST,33,BUY,111,418.33,SELL,2024-04-10 11:47:08
ORD01629,SPCE,40,BUY,11,241.15,SELL,2024-07-10 14:27:37
ORD01994,FVRR,19,SELL,490,167.64,BUY,2024-04-05 13:28:47
ORD02589,NU,28,SELL,106,69.96,BUY,2024-09-06 12:37:14
ORD00270,NVDA,33,BUY,302,90.97,SELL,2024-11-05 11:39:36
ORD00630,ADBE,23,SELL,445,148.41,BUY,2024-01-17 13:13:11
ORD01731,CHGG,16,BUY,176,293.89,SELL,2024-01-08 14:19:07
ORD01034,ROKU,24,SELL,415,273.18,BUY,2024-05-15 14:16:16
ORD02315,HOUS,7,BUY,149,239.28,SELL,2024-09-24 10:16:44
ORD00287,NFLX,11,SELL,60,277.99,BUY,2024-11-05 15:11:08
ORD01327,SOFI,9,BUY,18,383.71,SELL,2024-05-08 12:48:01
ORD02930,IRSA,19,BUY,111,44.08,SELL,2024-02-01 10:37:19
ORD00301,NFLX,17,BUY,299,274.22,SELL,2024-11-05 13:17:54
ORD03166,ITUB,31,SELL,107,110.97,BUY,2024-03-29 11:19:23
ORD02888,CEPU,29,SELL,34,425.68,BUY,2024-09-13 10:14:09
ORD03589,AG,25,SELL,343,141.2,BUY,2024-11-12 15:47:35
ORD01448,NIO,13,SELL,286,127.03,BUY,2024-02-19 15:54:42
ORD01473,NIO,27,SELL,75,122.57,BUY,2024-02-19 13:35:42
ORD02818,VIST,20,SELL,428,345.53,BUY,2024-04-09 10:13:35
ORD02770,DESP,19,SELL,11,192.03,BUY,2024-08-08 11:29:01
ORD01187,RBLX,12,SELL,122,105.35,BUY,2024-12-20 11:05:35
ORD00066,MSFT,39,BUY,235,13.85,SELL,2024-05-08 12:26:27
ORD02941,IRSA,1,SELL,117,49.22,BUY,2024-02-01 12:40:58
ORD01881,ROOT,22,SELL,435,306.0,BUY,2024-08-27 10:27:17
ORD00891,SPOT,35,BUY,197,195.94,SELL,2024-12-10 12:48:54
ORD03076,CAAP,27,BUY,299,64.23,SELL,2024-10-11 11:19:11
ORD03467,GOLD,18,BUY,33,366.57,SELL,2024-05-07 13:48:00
ORD01767,DUOL,33,BUY,79,331.81,SELL,2024-09-16 15:38:51
ORD02511,DIDI,15,SELL,431,475.34,BUY,2024-05-27 15:03:14
ORD02105,CVNA,36,BUY,406,307.76,SELL,2024-03-01 13:07:37
ORD02009,ETSY,6,BUY,315,293.6,SELL,2024-12-09 09:33:33
ORD00231,META,32,SELL,62,70.55,BUY,2024-03-04 13:06:17
ORD00504,IBM,7,SELL,354,295.29,BUY,2024-09-11 13:22:24
ORD02096,CVNA,19,BUY,330,288.93,SELL,2024-03-01 13:04:50
ORD02749,ARCO,11,SELL,411,463.52,BUY,2024-10-17 11:14:40
ORD00381,AMD,9,BUY,112,109.26,SELL,2024-04-24 10:48:19
ORD03036,AGRO,23,BUY,370,94.64,SELL,2024-05-06 15:37:35
ORD01526,LI,21,BUY,409,149.71,SELL,2024-10-30 09:40:51
ORD03044,CAAP,15,BUY,63,61.67,SELL,2024-10-11 10:31:19
ORD02116,CVNA,3,SELL,190,313.17,BUY,2024-03-01 10:12:30
ORD01005,ROKU,19,BUY,322,264.51,SELL,2024-05-15 10:50:03
ORD01958,PTON,37,BUY,428,49.1,SELL,2024-12-26 14:46:21
ORD00837,SNAP,3,SELL,135,422.61,BUY,2024-01-09 11:54:28
ORD02378,DASH,10,SELL,198,112.64,BUY,2024-12-25 14:57:25
ORD00375,AMD,25,SELL,411,120.51,BUY,2024-04-24 11:16:18
ORD02751,ARCO,4,BUY,370,436.89,SELL,2024-10-17 09:34:25
ORD02799,DESP,8,SELL,485,187.55,BUY,2024-08-08 11:14:34
ORD02937,IRSA,39,BUY,181,45.35,SELL,2024-02-01 12:31:10
ORD00940,SHOP,33,BUY,412,167.23,SELL,2024-03-29 11:43:53
ORD01322,SOFI,7,BUY,496,381.72,SELL,2024-05-08 10:30:20
ORD03556,KGC,38,SELL,83,101.36,BUY,2024-02-19 12:29:18
ORD03400,RENT,25,SELL,462,460.4,BUY,2024-12-19 13:23:10
ORD02506,DIDI,30,BUY,199,478.69,SELL,2024-05-27 09:58:44
ORD00530,CSCO,5,SELL,331,106.97,BUY,2024-12-17 14:18:55
ORD03047,CAAP,33,BUY,411,63.3,SELL,2024-10-11 12:54:55
ORD00637,ADBE,19,SELL,60,153.85,BUY,2024-01-17 14:52:41
ORD01270,HOOD,4,BUY,164,53.5,SELL,2024-07-02 14:42:20
ORD00186,TSLA,25,BUY,456,144.11,SELL,2024-12-23 10:01:27
ORD02507,DIDI,31,BUY,314,517.45,SELL,2024-05-27 15:23:47
ORD02625,STNE,7,BUY,163,327.21,SELL,2024-10-31 15:25:11
ORD02267,COMP,3,SELL,44,459.7,BUY,2024-10-14 10:36:36
ORD01798,DUOL,40,BUY,285,309.55,SELL,2024-09-16 11:17:17
ORD01442,NIO,36,BUY,145,118.03,SELL,2024-02-19 14:19:54
ORD01536,LI,35,SELL,87,174.76,BUY,2024-10-30 12:55:03
ORD01274,HOOD,25,BUY,152,60.92,SELL,2024-07-02 12:32:26
ORD00608,ADBE,31,SELL,273,153.25,BUY,2024-01-17 14:09:19
ORD01713,PENN,40,SELL,24,149.69,BUY,2024-10-15 10:22:58
ORD03971,BITF,35,BUY,137,266.87,SELL,2024-04-15 12:36:08
ORD02549,MELI,1,SELL,16,75.77,BUY,2024-02-16 13:09:45
ORD03251,BRKM,11,SELL,383,73.89,BUY,2024-09-05 14:12:19
ORD03631,HL,3,BUY,197,105.48,SELL,2024-07-10 11:49:04
ORD03348,MGLU,1,BUY,329,227.18,SELL,2024-12-31 10:51:00
ORD01978,FVRR,21,BUY,45,167.37,SELL,2024-04-05 15:03:40
ORD00159,AMZN,15,BUY,467,170.49,SELL,2024-06-10 13:21:15
ORD01749,CHGG,38,BUY,202,287.17,SELL,2024-01-08 14:53:29
ORD02321,ABNB,20,BUY,147,451.29,SELL,2024-11-06 12:49:22
ORD00903,SPOT,15,BUY,89,196.79,SELL,2024-12-10 13:02:00
ORD00353,INTC,12,SELL,24,72.34,BUY,2024-07-29 11:30:52
ORD01231,COIN,35,BUY,211,319.62,SELL,2024-09-23 13:36:13
ORD03480,GOLD,27,SELL,368,376.86,BUY,2024-05-07 13:06:47
ORD00445,ORCL,1,BUY,186,28.87,SELL,2024-07-10 12:43:59
ORD03916,MARA,5,BUY,413,134.09,SELL,2024-10-07 14:34:02
ORD00755,UBER,19,SELL,436,470.18,BUY,2024-03-12 10:13:05
ORD01738,CHGG,3,BUY,6,278.92,SELL,2024-01-08 14:52:07
ORD03960,HUT,19,BUY,499,361.32,SELL,2024-12-04 10:33:04
ORD00312,NFLX,38,SELL,37,286.1,BUY,2024-11-05 15:32:45
ORD00549,CSCO,39,SELL,456,97.67,BUY,2024-12-17 11:40:09
ORD02647,PAGS,19,SELL,181,76.21,BUY,2024-01-02 10:34:56
ORD02885,CEPU,40,BUY,356,405.83,SELL,2024-09-13 13:14:08
ORD00307,NFLX,37,BUY,419,279.18,SELL,2024-11-05 11:12:04
ORD00695,PYPL,35,SELL,336,101.14,BUY,2024-01-25 09:50:44
ORD01928,PTON,22,SELL,480,50.11,BUY,2024-12-26 12:12:47
ORD03071,CAAP,10,BUY,423,60.26,SELL,2024-10-11 15:33:29
ORD00750,UBER,17,SELL,68,512.33,BUY,2024-03-12 10:18:28
ORD01267,HOOD,3,SELL,220,60.7,BUY,2024-07-02 11:43:40
ORD02154,OPEN,20,BUY,335,439.36,SELL,2024-03-25 13:11:47
ORD02518,DIDI,32,BUY,221,488.09,SELL,2024-05-27 13:23:05
ORD00971,SQ,33,BUY,41,24.68,SELL,2024-02-08 09:53:47
ORD00014,AAPL,8,BUY,27,159.4,SELL,2024-08-27 12:12:10
ORD00874,TWTR,11,SELL,452,358.77,BUY,2024-04-15 13:23:07
ORD00809,SNAP,18,SELL,80,395.21,BUY,2024-01-09 15:25:16
ORD00515,IBM,34,BUY,62,288.02,SELL,2024-09-11 13:57:09
ORD03194,ITUB,23,BUY,233,105.63,SELL,2024-03-29 11:33:45
ORD00410,BABA,34,SELL,148,448.52,BUY,2024-01-30 15:21:01
ORD02381,DASH,2,SELL,397,123.48,BUY,2024-12-25 14:19:29
ORD03265,BRKM,16,SELL,42,75.34,BUY,2024-09-05 15:16:41
ORD00208,META,19,BUY,416,72.06,SELL,2024-03-04 10:05:27
ORD02111,CVNA,20,SELL,103,294.36,BUY,2024-03-01 09:56:21
ORD00459,ORCL,24,BUY,303,27.76,SELL,2024-07-10 15:58:25
ORD03581,AG,29,BUY,223,123.48,SELL,2024-11-12 09:41:57
ORD02407,GRAB,10,BUY,159,53.86,SELL,2024-07-18 14:04:46
ORD02900,CEPU,28,BUY,207,419.06,SELL,2024-09-13 11:49:07
ORD02459,SEA,35,SELL,445,359.85,BUY,2024-04-02 11:10:28
ORD02642,PAGS,27,BUY,11,72.99,SELL,2024-01-02 10:14:51
ORD01884,ROOT,23,BUY,227,317.92,SELL,2024-08-27 09:43:28
ORD01714,PENN,30,SELL,281,132.38,BUY,2024-10-15 09:33:18
ORD02590,NU,10,SELL,290,70.55,BUY,2024-09-06 11:18:14
ORD02230,RDFN,39,SELL,178,431.72,BUY,2024-10-30 13:28:36
ORD00553,CSCO,10,SELL,208,97.37,BUY,2024-12-17 10:44:36
ORD03709,FSM,6,SELL,295,134.09,BUY,2024-09-23 10:09:27
ORD03638,HL,6,BUY,307,114.74,SELL,2024-07-10 09:44:18
ORD01926,PTON,19,SELL,286,50.83,BUY,2024-12-26 14:27:46
ORD00635,ADBE,36,SELL,434,148.66,BUY,2024-01-17 12:37:57
ORD03676,CDE,2,SELL,448,518.78,BUY,2024-05-28 11:00:02
ORD00317,NFLX,4,SELL,311,281.12,BUY,2024-11-05 12:25:57
ORD03506,AEM,7,SELL,44,289.37,BUY,2024-02-09 13:49:13
ORD03524,KGC,17,SELL,490,97.53,BUY,2024-02-19 15:05:38
ORD01329,SOFI,15,SELL,214,381.67,BUY,2024-05-08 13:05:36
ORD00428,BABA,6,BUY,284,426.74,SELL,2024-01-30 13:10:24
ORD03209,BBD,19,SELL,374,160.2,BUY,2024-03-22 11:17:39
ORD00106,GOOGL,22,BUY,276,494.68,SELL,2024-03-18 10:30:52
ORD00143,AMZN,32,SELL,290,202.37,BUY,2024-06-10 15:19:09
ORD02185,EXPI,20,SELL,102,330.48,BUY,2024-02-14 14:10:54
ORD03269,BRKM,31,SELL,135,78.33,BUY,2024-09-05 14:36:16
ORD02237,RDFN,3,SELL,283,467.7,BUY,2024-10-30 11:52:21
ORD01950,PTON,31,SELL,150,52.67,BUY,2024-12-26 15:55:27
ORD03551,KGC,13,SELL,50,107.33,BUY,2024-02-19 10:43:16
ORD03725,EXK,34,SELL,386,407.25,BUY,2024-06-14 14:28:06
ORD02758,ARCO,21,BUY,185,434.89,SELL,2024-10-17 11:57:59
ORD03930,HUT,23,SELL,348,384.35,BUY,2024-12-04 10:10:11
ORD01952,PTON,5,BUY,328,48.94,SELL,2024-12-26 10:29:57
ORD02680,PAGS,1,BUY,429,71.75,SELL,2024-01-02 11:31:38
ORD02918,CEPU,9,SELL,481,449.27,BUY,2024-09-13 13:12:44
ORD02286,HOUS,11,BUY,451,223.03,SELL,2024-09-24 11:32:29
ORD01110,DOCU,3,SELL,485,59.96,BUY,2024-04-26 10:30:25
ORD02356,ABNB,23,BUY,279,433.11,SELL,2024-11-06 15:28:19
ORD00592,QCOM,38,SELL,327,489.53,BUY,2024-01-25 10:32:25
ORD03711,FSM,19,SELL,246,139.18,BUY,2024-09-23 12:34:39
ORD01577,BYND,27,SELL,277,408.26,BUY,2024-09-17 15:50:57
ORD02588,NU,3,SELL,47,72.28,BUY,2024-09-06 10:41:54
ORD00214,META,24,SELL,318,74.59,BUY,2024-03-04 14:41:07
ORD00779,LYFT,1,BUY,458,215.65,SELL,2024-09-02 14:14:19
ORD03032,AGRO,9,SELL,461,98.97,BUY,2024-05-06 11:21:26
ORD02466,SEA,29,BUY,413,321.05,SELL,2024-04-02 12:33:18
ORD02044,WMT,7,SELL,307,152.92,BUY,2024-02-23 12:35:16
ORD03288,SUZB,2,SELL,160,449.13,BUY,2024-02-05 11:16:17
ORD02299,HOUS,22,SELL,461,236.23,BUY,2024-09-24 13:51:07
ORD02502,DIDI,34,SELL,437,503.51,BUY,2024-05-27 15:55:55
ORD01568,BYND,20,BUY,361,370.83,SELL,2024-09-17 10:17:35
ORD03024,AGRO,28,SELL,97,90.35,BUY,2024-05-06 13:34:10
ORD03544,KGC,22,BUY,244,95.31,SELL,2024-02-19 09:37:48
ORD02354,ABNB,32,SELL,78,438.13,BUY,2024-11-06 12:40:53
ORD03609,HL,31,BUY,157,103.14,SELL,2024-07-10 09:52:55
ORD01344,SOFI,4,BUY,349,382.83,SELL,2024-05-08 14:17:14
ORD02014,ETSY,22,SELL,16,335.3,BUY,2024-12-09 14:05:51
ORD00274,NVDA,37,BUY,69,98.13,SELL,2024-11-05 12:14:55
ORD00072,MSFT,40,SELL,253,14.63,BUY,2024-05-08 13:40:46
ORD01088,DOCU,18,SELL,416,59.43,BUY,2024-04-26 13:00:00
ORD00395,AMD,22,BUY,445,107.57,SELL,2024-04-24 11:45:57
ORD00584,QCOM,3,BUY,11,449.89,SELL,2024-01-25 10:09:45
ORD03867,RIOT,6,SELL,57,364.4,BUY,2024-01-22 11:22:25
ORD02718,GLOB,1,SELL,182,51.47,BUY,2024-04-02 10:15:53
ORD03826,MAG,19,SELL,382,76.84,BUY,2024-12-16 13:54:39
ORD03649,CDE,5,BUY,223,499.98,SELL,2024-05-28 10:17:26
ORD02612,STNE,18,BUY,253,324.7,SELL,2024-10-31 14:01:07
ORD02319,HOUS,9,BUY,242,229.45,SELL,2024-09-24 14:36:54
ORD01764,DUOL,17,SELL,55,348.24,BUY,2024-09-16 14:23:50
ORD03011,AGRO,1,BUY,247,92.02,SELL,2024-05-06 11:35:48
ORD01260,HOOD,26,SELL,137,57.77,BUY,2024-07-02 13:47:48
ORD00527,CSCO,36,BUY,285,99.41,SELL,2024-12-17 14:49:15
ORD00378,AMD,4,BUY,62,102.5,SELL,2024-04-24 12:11:51
ORD01560,LI,38,SELL,5,162.01,BUY,2024-10-30 14:18:50
ORD02508,DIDI,28,SELL,387,494.76,BUY,2024-05-27 15:59:17
ORD01964,FVRR,13,SELL,125,192.46,BUY,2024-04-05 10:39:29
ORD03569,AG,27,BUY,1,134.7,SELL,2024-11-12 13:33:32
ORD00349,INTC,10,SELL,433,80.67,BUY,2024-07-29 13:43:46
ORD03140,PBR,32,SELL,451,290.24,BUY,2024-05-01 15:21:35
ORD01710,PENN,23,SELL,212,134.33,BUY,2024-10-15 13:28:22
ORD01051,ZM,17,SELL,52,290.35,BUY,2024-11-04 14:49:31
ORD00591,QCOM,13,SELL,289,489.87,BUY,2024-01-25 12:53:02
ORD00520,IBM,11,BUY,10,255.4,SELL,2024-09-11 12:12:07
ORD03673,CDE,33,BUY,435,467.96,SELL,2024-05-28 15:50:55
ORD02700,GLOB,14,SELL,73,49.4,BUY,2024-04-02 09:52:22
ORD01084,DOCU,29,BUY,13,57.2,SELL,2024-04-26 14:59:09
ORD02357,ABNB,30,SELL,40,434.31,BUY,2024-11-06 10:31:09
ORD03997,BITF,33,BUY,12,251.93,SELL,2024-04-15 13:06:29
ORD01810,UPST,5,BUY,5,458.67,SELL,2024-04-10 11:35:57
ORD03878,RIOT,4,SELL,359,358.14,BUY,2024-01-22 10:09:48
ORD00793,LYFT,40,SELL,121,242.59,BUY,2024-09-02 14:34:06
ORD03808,MAG,9,SELL,94,82.35,BUY,2024-12-16 14:05:04
ORD01981,FVRR,7,SELL,229,187.18,BUY,2024-04-05 15:59:48
ORD02556,MELI,31,BUY,448,75.49,SELL,2024-02-16 14:03:50
ORD02222,RDFN,6,SELL,334,457.47,BUY,2024-10-30 15:13:03
ORD01531,LI,40,BUY,238,151.65,SELL,2024-10-30 13:23:24
ORD01411,RIVN,26,BUY,212,180.69,SELL,2024-06-26 14:58:51
ORD02916,CEPU,15,SELL,119,428.05,BUY,2024-09-13 10:20:24
ORD03164,ITUB,8,BUY,299,101.19,SELL,2024-03-29 15:53:00
ORD00084,GOOGL,29,SELL,113,474.65,BUY,2024-03-18 12:40:15
ORD03137,PBR,13,BUY,347,265.24,SELL,2024-05-01 09:52:11
ORD00021,AAPL,9,BUY,31,164.44,SELL,2024-08-27 12:06:05
ORD02245,COMP,20,SELL,291,447.21,BUY,2024-10-14 10:54:16
ORD01563,BYND,6,SELL,33,378.6,BUY,2024-09-17 10:45:49
ORD00974,SQ,5,SELL,347,25.79,BUY,2024-02-08 09:45:13
ORD01711,PENN,29,BUY,341,132.22,SELL,2024-10-15 14:51:51
ORD02600,NU,27,BUY,8,65.87,SELL,2024-09-06 15:18:40
ORD01099,DOCU,13,SELL,223,52.05,BUY,2024-04-26 13:38:50
ORD02741,ARCO,32,SELL,73,464.38,BUY,2024-10-17 15:17:36
ORD00887,SPOT,22,BUY,187,188.64,SELL,2024-12-10 12:45:42
ORD02417,GRAB,35,SELL,231,57.23,BUY,2024-07-18 14:23:01
ORD03086,VALE,35,SELL,67,120.64,BUY,2024-05-31 15:48:51
ORD03363,RENT,16,SELL,234,442.15,BUY,2024-12-19 14:32:22
ORD00738,UBER,3,SELL,345,514.22,BUY,2024-03-12 13:49:25
ORD01454,NIO,26,SELL,269,116.84,BUY,2024-02-19 10:36:47
ORD02973,BIOX,19,SELL,325,109.25,BUY,2024-05-08 15:27:15
ORD03526,KGC,28,BUY,48,101.79,SELL,2024-02-19 09:36:16
ORD02127,OPEN,19,BUY,40,448.37,SELL,2024-03-25 13:31:02
ORD00907,SPOT,25,BUY,470,205.89,SELL,2024-12-10 13:36:51
ORD02400,DASH,28,BUY,45,112.95,SELL,2024-12-25 13:57:41
ORD02933,IRSA,22,BUY,73,45.83,SELL,2024-02-01 13:41:52
ORD00948,SHOP,10,BUY,325,144.21,SELL,2024-03-29 15:33:28
ORD02499,DIDI,13,SELL,299,542.67,BUY,2024-05-27 14:50:49
ORD02893,CEPU,30,BUY,102,435.96,SELL,2024-09-13 12:34:18
ORD00716,PYPL,3,BUY,425,96.95,SELL,2024-01-25 11:21:03
ORD02650,PAGS,9,SELL,396,72.91,BUY,2024-01-02 11:27:04
ORD00687,PYPL,1,SELL,193,98.25,BUY,2024-01-25 11:35:32
ORD03411,BEEF,39,SELL,391,238.63,BUY,2024-10-30 13:26:08
ORD02942,IRSA,23,BUY,165,47.47,SELL,2024-02-01 13:11:05
ORD03966,BITF,30,BUY,243,267.23,SELL,2024-04-15 12:07:36
ORD00886,SPOT,9,BUY,234,186.42,SELL,2024-12-10 10:53:17
ORD00918,SPOT,16,SELL,238,202.39,BUY,2024-12-10 12:29:08
ORD02463,SEA,23,SELL,16,363.49,BUY,2024-04-02 14:35:36
ORD03660,CDE,21,BUY,136,466.57,SELL,2024-05-28 13:32:52
ORD01266,HOOD,11,BUY,198,56.0,SELL,2024-07-02 14:33:24
ORD00484,IBM,28,SELL,49,271.22,BUY,2024-09-11 12:51:41
ORD02991,BIOX,39,BUY,419,103.11,SELL,2024-05-08 10:51:13
ORD03455,GOLD,24,BUY,415,327.47,SELL,2024-05-07 12:02:08
ORD00278,NVDA,19,SELL,80,89.32,BUY,2024-11-05 15:26:23
ORD00989,SQ,25,SELL,206,24.44,BUY,2024-02-08 11:38:03
ORD02085,CVNA,29,BUY,190,308.7,SELL,2024-03-01 12:23:19
ORD01246,HOOD,6,BUY,70,58.69,SELL,2024-07-02 13:23:47
ORD00572,QCOM,37,BUY,300,431.02,SELL,2024-01-25 12:08:54
ORD01436,RIVN,36,BUY,442,190.69,SELL,2024-06-26 14:58:31
ORD00994,SQ,19,BUY,411,26.18,SELL,2024-02-08 14:46:55
ORD03296,SUZB,11,BUY,125,397.99,SELL,2024-02-05 11:55:10
ORD02261,COMP,11,BUY,415,430.57,SELL,2024-10-14 10:21:11
ORD00586,QCOM,10,SELL,410,510.41,BUY,2024-01-25 11:20:29
ORD01350,SOFI,39,SELL,235,408.85,BUY,2024-05-08 10:19:06
ORD01008,ROKU,9,BUY,329,260.32,SELL,2024-05-15 14:23:17
ORD00675,CRM,12,SELL,452,105.11,BUY,2024-06-10 11:07:58
ORD00448,ORCL,14,SELL,330,32.94,BUY,2024-07-10 15:18:40
ORD03889,MARA,26,BUY,72,126.07,SELL,2024-10-07 13:53:28
ORD02995,BIOX,11,SELL,334,110.59,BUY,2024-05-08 15:56:18
ORD02065,WMT,9,SELL,477,150.29,BUY,2024-02-23 12:13:56
ORD03161,ITUB,9,BUY,66,103.67,SELL,2024-03-29 14:04:13
ORD02501,DIDI,11,SELL,416,515.44,BUY,2024-05-27 09:44:38
ORD01691,PENN,21,BUY,52,130.04,SELL,2024-10-15 15:24:28
ORD03298,SUZB,26,BUY,261,427.98,SELL,2024-02-05 12:52:02
ORD01248,HOOD,20,SELL,227,56.44,BUY,2024-07-02 09:43:41
ORD01986,FVRR,30,BUY,21,171.7,SELL,2024-04-05 13:37:05
ORD00295,NFLX,21,BUY,238,287.1,SELL,2024-11-05 11:25:33
ORD01548,LI,4,SELL,129,168.14,BUY,2024-10-30 10:37:10
ORD02013,ETSY,7,SELL,399,327.68,BUY,2024-12-09 14:40:56
ORD00589,QCOM,20,SELL,443,505.81,BUY,2024-01-25 10:36:17
ORD02130,OPEN,7,BUY,466,466.23,SELL,2024-03-25 15:05:46
ORD03062,CAAP,17,SELL,40,65.94,BUY,2024-10-11 15:15:59
ORD00426,BABA,8,BUY,424,391.26,SELL,2024-01-30 14:40:31
ORD01055,ZM,37,BUY,35,270.08,SELL,2024-11-04 11:29:02
ORD03321,MGLU,14,BUY,66,244.98,SELL,2024-12-31 10:43:26
ORD00557,CSCO,31,BUY,280,104.88,SELL,2024-12-17 09:54:36
ORD03533,KGC,21,SELL,246,109.31,BUY,2024-02-19 13:41:32
ORD02576,NU,18,BUY,130,69.09,SELL,2024-09-06 15:21:29
ORD03542,KGC,34,BUY,187,101.27,SELL,2024-02-19 10:18:41
ORD03539,KGC,19,SELL,364,101.1,BUY,2024-02-19 13:44:52
ORD02697,GLOB,20,SELL,348,50.74,BUY,2024-04-02 11:44:16
ORD01194,RBLX,33,SELL,363,96.36,BUY,2024-12-20 13:54:57
ORD01717,PENN,5,SELL,430,140.64,BUY,2024-10-15 09:43:57
ORD03157,PBR,34,BUY,187,283.75,SELL,2024-05-01 10:38:09
ORD03605,HL,15,BUY,15,109.33,SELL,2024-07-10 13:51:08
ORD03923,HUT,25,BUY,254,395.1,SELL,2024-12-04 12:02:07
ORD02458,SEA,34,SELL,148,368.18,BUY,2024-04-02 12:17:00
ORD01286,AFRM,33,SELL,200,434.18,BUY,2024-04-02 12:36:08
ORD03464,GOLD,3,SELL,385,383.54,BUY,2024-05-07 11:08:36
ORD02581,NU,7,SELL,117,73.07,BUY,2024-09-06 11:55:55
ORD03189,ITUB,17,BUY,474,106.19,SELL,2024-03-29 09:46:08
ORD02088,CVNA,23,BUY,424,294.54,SELL,2024-03-01 10:52:50
ORD01890,ROOT,25,BUY,20,285.65,SELL,2024-08-27 12:48:00
ORD01592,BYND,7,BUY,324,377.7,SELL,2024-09-17 15:52:37
ORD03525,KGC,8,BUY,198,103.69,SELL,2024-02-19 12:23:10
ORD02163,EXPI,27,SELL,440,367.26,BUY,2024-02-14 15:02:09
ORD03188,ITUB,14,SELL,431,105.14,BUY,2024-03-29 10:34:28
ORD02272,COMP,1,BUY,405,432.49,SELL,2024-10-14 11:32:26
ORD03217,BBD,35,SELL,65,167.83,BUY,2024-03-22 12:49:23
ORD01138,PLTR,29,BUY,57,104.16,SELL,2024-10-08 12:11:47
ORD03336,MGLU,34,SELL,295,255.73,BUY,2024-12-31 13:22:15
ORD03761,GPL,4,SELL,52,72.19,BUY,2024-11-20 12:17:49
ORD03781,GPL,11,SELL,203,74.63,BUY,2024-11-20 14:16:16
ORD01712,PENN,19,BUY,153,133.44,SELL,2024-10-15 11:08:45
ORD03619,HL,21,BUY,103,108.69,SELL,2024-07-10 12:52:17
ORD00454,ORCL,25,SELL,298,30.92,BUY,2024-07-10 10:50:59
ORD00914,SPOT,3,SELL,257,193.1,BUY,2024-12-10 14:20:36
ORD02670,PAGS,37,SELL,138,74.29,BUY,2024-01-02 11:53:00
ORD01200,RBLX,27,BUY,368,88.71,SELL,2024-12-20 11:11:59
ORD01275,HOOD,29,SELL,167,56.2,BUY,2024-07-02 11:35:13
ORD00038,AAPL,29,BUY,455,159.66,SELL,2024-08-27 10:35:41
ORD00975,SQ,36,SELL,129,24.79,BUY,2024-02-08 10:33:02
ORD00984,SQ,40,SELL,175,25.53,BUY,2024-02-08 10:25:06
ORD02663,PAGS,10,SELL,9,76.03,BUY,2024-01-02 13:10:07
ORD01419,RIVN,9,BUY,364,176.65,SELL,2024-06-26 15:59:09
ORD01561,BYND,15,SELL,231,392.15,BUY,2024-09-17 11:06:40
ORD00040,AAPL,31,SELL,76,163.09,BUY,2024-08-27 09:32:18
ORD01487,XPEV,20,SELL,6,370.42,BUY,2024-08-02 15:38:06
ORD02543,MELI,40,SELL,14,76.91,BUY,2024-02-16 12:20:24
ORD00170,TSLA,35,SELL,185,154.38,BUY,2024-12-23 15:51:57
ORD01356,SOFI,26,BUY,171,365.81,SELL,2024-05-08 15:34:35
ORD02388,DASH,15,BUY,332,109.29,SELL,2024-12-25 15:59:21
ORD03594,AG,14,BUY,221,139.4,SELL,2024-11-12 14:45:52
ORD02615,STNE,16,SELL,222,328.33,BUY,2024-10-31 12:58:14
ORD02754,ARCO,16,BUY,13,494.82,SELL,2024-10-17 12:32:54
ORD01641,DKNG,39,SELL,311,222.48,BUY,2024-07-10 15:18:37
ORD01291,AFRM,3,BUY,425,360.78,SELL,2024-04-02 10:29:26
ORD01381,LCID,4,SELL,146,232.44,BUY,2024-03-13 11:56:30
ORD01934,PTON,32,SELL,89,50.51,BUY,2024-12-26 15:46:25
ORD00580,QCOM,32,SELL,363,504.4,BUY,2024-01-25 11:35:29
ORD02031,ETSY,30,BUY,120,316.86,SELL,2024-12-09 10:20:02
ORD00893,SPOT,20,BUY,177,196.76,SELL,2024-12-10 12:44:08
ORD00781,LYFT,39,BUY,230,234.76,SELL,2024-09-02 15:18:41
ORD00160,AMZN,33,SELL,152,178.02,BUY,2024-06-10 10:33:59
ORD00003,AAPL,28,BUY,221,161.78,SELL,2024-08-27 14:57:29
ORD03214,BBD,14,BUY,119,147.59,SELL,2024-03-22 15:12:47
ORD03291,SUZB,25,SELL,55,451.14,BUY,2024-02-05 10:54:42
ORD00850,TWTR,17,BUY,9,354.03,SELL,2024-04-15 10:18:57
ORD02402,GRAB,18,SELL,68,58.45,BUY,2024-07-18 09:52:39
ORD01597,BYND,2,SELL,89,382.37,BUY,2024-09-17 14:09:09
ORD01777,DUOL,9,SELL,174,345.41,BUY,2024-09-16 11:56:36
ORD01914,ROOT,9,SELL,217,307.38,BUY,2024-08-27 15:07:38
ORD01044,ZM,1,BUY,85,290.13,SELL,2024-11-04 13:10:34
ORD01545,LI,37,BUY,279,163.06,SELL,2024-10-30 14:37:51
ORD03718,FSM,31,BUY,198,129.45,SELL,2024-09-23 11:54:21
ORD00054,MSFT,9,SELL,235,13.73,BUY,2024-05-08 13:24:32
ORD03853,RIOT,16,SELL,257,331.06,BUY,2024-01-22 09:31:39
ORD01912,ROOT,36,BUY,134,285.74,SELL,2024-08-27 13:12:33
ORD02823,VIST,2,SELL,161,315.81,BUY,2024-04-09 11:27:23
ORD02674,PAGS,2,SELL,81,73.54,BUY,2024-01-02 12:48:25
ORD03490,AEM,4,SELL,491,268.36,BUY,2024-02-09 12:20:06
ORD00825,SNAP,21,BUY,384,402.1,SELL,2024-01-09 10:47:12
ORD03574,AG,32,SELL,220,131.87,BUY,2024-11-12 14:32:20
ORD01390,LCID,28,SELL,443,243.23,BUY,2024-03-13 14:44:04
ORD03270,BRKM,1,BUY,152,68.41,SELL,2024-09-05 12:36:20
ORD03115,VALE,19,BUY,77,103.7,SELL,2024-05-31 10:33:53
ORD01608,SPCE,10,BUY,298,241.67,SELL,2024-07-10 12:27:45
ORD01595,BYND,3,BUY,101,376.8,SELL,2024-09-17 10:17:51
ORD00772,LYFT,38,BUY,373,234.07,SELL,2024-09-02 14:37:41
ORD02274,COMP,23,SELL,466,460.03,BUY,2024-10-14 11:58:03
ORD01869,LMND,16,SELL,131,305.2,BUY,2024-04-02 12:42:50
ORD01086,DOCU,37,BUY,326,52.77,SELL,2024-04-26 09:56:20
ORD02712,GLOB,3,SELL,5,52.02,BUY,2024-04-02 14:49:53
ORD01326,SOFI,10,BUY,427,371.58,SELL,2024-05-08 11:24:21
ORD01464,NIO,22,BUY,362,105.79,SELL,2024-02-19 10:48:11
ORD00807,SNAP,7,SELL,60,431.56,BUY,2024-01-09 13:09:16
ORD02452,SEA,16,SELL,151,367.24,BUY,2024-04-02 12:32:47
ORD02476,SEA,2,BUY,293,335.63,SELL,2024-04-02 12:45:26
ORD02109,CVNA,14,BUY,66,310.62,SELL,2024-03-01 15:10:31
ORD02827,VIST,17,SELL,163,346.84,BUY,2024-04-09 10:11:32
ORD03929,HUT,20,SELL,415,406.88,BUY,2024-12-04 15:50:15
ORD02235,RDFN,11,BUY,88,452.81,SELL,2024-10-30 12:29:12
ORD00964,SQ,31,BUY,154,24.84,SELL,2024-02-08 14:34:17
ORD00399,AMD,17,SELL,185,118.82,BUY,2024-04-24 12:12:04
ORD03747,EXK,21,BUY,393,408.26,SELL,2024-06-14 12:04:43
ORD00705,PYPL,19,BUY,193,94.03,SELL,2024-01-25 10:15:51
ORD00432,BABA,35,BUY,454,402.44,SELL,2024-01-30 15:57:30
ORD00293,NFLX,20,SELL,268,265.15,BUY,2024-11-05 12:29:08
ORD03776,GPL,33,BUY,381,67.67,SELL,2024-11-20 13:39:12
ORD00146,AMZN,8,BUY,271,192.97,SELL,2024-06-10 15:27:30
ORD02721,ARCO,27,BUY,66,447.18,SELL,2024-10-17 13:06:13
ORD02034,ETSY,21,BUY,294,299.23,SELL,2024-12-09 14:25:18
ORD03798,GPL,8,BUY,479,72.4,SELL,2024-11-20 10:12:14
ORD01166,RBLX,36,SELL,244,101.71,BUY,2024-12-20 15:59:56
ORD02051,WMT,10,SELL,224,157.93,BUY,2024-02-23 14:43:09
ORD03512,AEM,37,BUY,395,274.45,SELL,2024-02-09 14:02:33
ORD00340,INTC,30,BUY,93,72.39,SELL,2024-07-29 10:23:36
ORD02415,GRAB,25,SELL,467,63.68,BUY,2024-07-18 11:05:51
ORD00266,NVDA,1,SELL,329,95.81,BUY,2024-11-05 15:17:35
ORD03104,VALE,23,SELL,4,120.6,BUY,2024-05-31 12:23:27
ORD01772,DUOL,31,BUY,302,305.69,SELL,2024-09-16 13:33:40
ORD00272,NVDA,36,BUY,213,98.4,SELL,2024-11-05 09:31:10
ORD00697,PYPL,7,SELL,45,108.84,BUY,2024-01-25 15:50:44
ORD03964,BITF,4,SELL,496,296.55,BUY,2024-04-15 11:46:49
ORD00245,NVDA,23,BUY,59,87.92,SELL,2024-11-05 14:12:14
ORD03753,EXK,25,SELL,81,409.05,BUY,2024-06-14 09:30:35
ORD00477,ORCL,8,BUY,378,30.33,SELL,2024-07-10 15:55:01
ORD02033,ETSY,8,SELL,193,321.03,BUY,2024-12-09 14:53:56
ORD03392,RENT,28,SELL,309,442.05,BUY,2024-12-19 10:21:30
ORD03075,CAAP,30,SELL,110,65.65,BUY,2024-10-11 12:14:08
ORD00814,SNAP,30,BUY,263,402.67,SELL,2024-01-09 13:44:34
ORD01915,ROOT,12,SELL,432,311.99,BUY,2024-08-27 14:06:43
ORD03367,RENT,15,SELL,147,430.67,BUY,2024-12-19 12:28:47
ORD03935,HUT,21,SELL,49,400.96,BUY,2024-12-04 11:14:50
ORD01805,UPST,37,BUY,81,407.8,SELL,2024-04-10 11:16:41
ORD02873,LOMA,25,BUY,36,28.68,SELL,2024-11-06 12:20:41
ORD00251,NVDA,7,BUY,338,93.86,SELL,2024-11-05 12:52:39
ORD00546,CSCO,24,SELL,491,109.89,BUY,2024-12-17 14:36:41
ORD00739,UBER,4,BUY,198,501.66,SELL,2024-03-12 11:29:35
ORD00311,NFLX,25,BUY,444,275.96,SELL,2024-11-05 10:25:34
ORD01132,PLTR,11,BUY,482,116.81,SELL,2024-10-08 11:03:44
ORD01450,NIO,8,SELL,100,126.57,BUY,2024-02-19 14:07:59
ORD03873,RIOT,12,BUY,412,341.78,SELL,2024-01-22 13:05:05
ORD00016,AAPL,33,BUY,399,172.74,SELL,2024-08-27 14:06:55
ORD03502,AEM,33,BUY,281,257.87,SELL,2024-02-09 11:10:15
ORD02790,DESP,12,SELL,404,186.65,BUY,2024-08-08 11:59:04
ORD03205,BBD,36,BUY,125,144.95,SELL,2024-03-22 13:35:15
ORD00364,AMD,16,SELL,468,105.59,BUY,2024-04-24 13:18:09
ORD00183,TSLA,12,SELL,256,156.47,BUY,2024-12-23 13:54:25
ORD01195,RBLX,20,BUY,466,86.5,SELL,2024-12-20 11:28:11
ORD02471,SEA,11,BUY,174,358.34,SELL,2024-04-02 12:33:19
ORD01122,PLTR,34,BUY,312,106.98,SELL,2024-10-08 15:53:26
ORD03875,RIOT,14,BUY,249,313.6,SELL,2024-01-22 09:33:42
ORD01183,RBLX,24,BUY,22,93.41,SELL,2024-12-20 11:40:55
ORD03656,CDE,27,BUY,339,462.73,SELL,2024-05-28 15:43:42
ORD00615,ADBE,27,SELL,193,160.16,BUY,2024-01-17 12:41:35
ORD01467,NIO,2,SELL,191,124.98,BUY,2024-02-19 12:38:09
ORD00402,BABA,20,BUY,357,391.56,SELL,2024-01-30 09:36:09
ORD00935,SHOP,34,BUY,124,158.33,SELL,2024-03-29 15:11:32
ORD02420,GRAB,15,SELL,342,57.32,BUY,2024-07-18 12:29:31
ORD02630,STNE,22,BUY,477,347.79,SELL,2024-10-31 13:06:16
ORD02781,DESP,20,BUY,210,169.38,SELL,2024-08-08 09:31:12
ORD00727,UBER,13,BUY,383,473.87,SELL,2024-03-12 15:32:49
ORD00827,SNAP,12,SELL,402,427.82,BUY,2024-01-09 09:49:31
ORD01522,LI,1,BUY,27,160.7,SELL,2024-10-30 13:45:52
ORD00137,AMZN,14,BUY,198,168.05,SELL,2024-06-10 09:49:11
ORD00629,ADBE,17,SELL,204,156.71,BUY,2024-01-17 13:23:50
ORD00335,INTC,25,BUY,361,72.61,SELL,2024-07-29 11:57:48
ORD00391,AMD,12,SELL,366,113.11,BUY,2024-04-24 13:23:06
ORD03391,RENT,37,BUY,193,422.51,SELL,2024-12-19 12:19:43
ORD01818,UPST,19,BUY,42,441.62,SELL,2024-04-10 13:57:23
ORD03593,AG,15,BUY,258,138.12,SELL,2024-11-12 12:19:59
ORD00711,PYPL,9,SELL,144,97.97,BUY,2024-01-25 15:31:47
ORD01040,ROKU,5,SELL,183,244.65,BUY,2024-05-15 15:30:10
ORD02606,STNE,4,BUY,130,312.93,SELL,2024-10-31 14:58:21
ORD03449,GOLD,23,BUY,21,344.18,SELL,2024-05-07 15:55:16
ORD01562,BYND,35,BUY,444,391.69,SELL,2024-09-17 15:59:41
ORD03669,CDE,40,SELL,342,460.07,BUY,2024-05-28 09:55:34
ORD03345,MGLU,30,BUY,473,228.17,SELL,2024-12-31 11:01:30
ORD01113,DOCU,11,SELL,31,56.2,BUY,2024-04-26 10:32:05
ORD01224,COIN,5,SELL,300,309.41,BUY,2024-09-23 13:13:19
ORD02654,PAGS,16,SELL,86,75.0,BUY,2024-01-02 15:26:40
ORD02422,GRAB,12,SELL,51,58.67,BUY,2024-07-18 13:28:03
ORD01509,XPEV,32,SELL,88,385.21,BUY,2024-08-02 09:33:57
ORD01751,CHGG,18,SELL,31,331.88,BUY,2024-01-08 11:32:02
ORD03577,AG,28,SELL,87,145.68,BUY,2024-11-12 10:25:29
ORD00339,INTC,2,SELL,29,72.58,BUY,2024-07-29 13:37:25
ORD00216,META,36,SELL,198,73.27,BUY,2024-03-04 14:43:40
ORD01342,SOFI,14,SELL,338,394.88,BUY,2024-05-08 11:28:47
ORD03339,MGLU,36,SELL,242,237.5,BUY,2024-12-31 11:08:52
ORD03739,EXK,26,SELL,402,397.25,BUY,2024-06-14 10:07:28
ORD02575,NU,16,SELL,259,73.26,BUY,2024-09-06 15:53:01
ORD03385,RENT,9,SELL,71,446.34,BUY,2024-12-19 10:26:21
ORD02687,GLOB,33,BUY,264,49.85,SELL,2024-04-02 13:13:12
ORD02323,ABNB,15,SELL,162,445.05,BUY,2024-11-06 14:18:49
ORD00102,GOOGL,15,BUY,145,474.02,SELL,2024-03-18 10:06:55
ORD02845,LOMA,13,SELL,72,28.18,BUY,2024-11-06 12:14:42
ORD00172,TSLA,27,BUY,55,141.63,SELL,2024-12-23 14:54:27
ORD00108,GOOGL,31,BUY,446,454.34,SELL,2024-03-18 12:23:23
ORD02788,DESP,32,BUY,154,181.9,SELL,2024-08-08 10:22:51
ORD03981,BITF,3,BUY,33,253.69,SELL,2024-04-15 14:57:39
ORD02917,CEPU,1,BUY,420,410.67,SELL,2024-09-13 15:36:02
ORD02657,PAGS,3,BUY,312,71.71,SELL,2024-01-02 13:37:52
ORD02532,MELI,22,BUY,139,67.0,SELL,2024-02-16 12:14:22
ORD02699,GLOB,35,SELL,285,52.92,BUY,2024-04-02 12:50:13
ORD02664,PAGS,33,SELL,185,76.04,BUY,2024-01-02 14:59:44
ORD02986,BIOX,20,SELL,480,104.19,BUY,2024-05-08 10:23:07
ORD03099,VALE,25,BUY,129,114.02,SELL,2024-05-31 10:13:14
ORD03424,BEEF,29,SELL,213,210.96,BUY,2024-10-30 14:13:17
ORD01041,ZM,34,SELL,375,273.83,BUY,2024-11-04 13:45:02
ORD03832,MAG,27,BUY,325,81.94,SELL,2024-12-16 11:27:09
ORD02121,OPEN,33,BUY,459,443.51,SELL,2024-03-25 15:13:48
ORD01525,LI,17,BUY,443,151.8,SELL,2024-10-30 10:02:03
ORD03404,BEEF,9,SELL,201,234.13,BUY,2024-10-30 10:23:44
ORD02249,COMP,32,BUY,94,412.99,SELL,2024-10-14 13:44:34
ORD00482,IBM,8,SELL,152,268.66,BUY,2024-09-11 14:33:51
ORD02824,VIST,15,BUY,248,326.82,SELL,2024-04-09 14:33:46
ORD03264,BRKM,34,SELL,153,77.85,BUY,2024-09-05 09:44:58
ORD01763,DUOL,19,BUY,178,298.09,SELL,2024-09-16 13:23:24
ORD03246,BRKM,12,SELL,234,74.72,BUY,2024-09-05 13:18:55
ORD03376,RENT,20,BUY,482,401.97,SELL,2024-12-19 12:54:41
ORD02936,IRSA,28,BUY,230,49.38,SELL,2024-02-01 13:19:23
ORD02938,IRSA,8,BUY,325,44.39,SELL,2024-02-01 15:44:43
ORD00406,BABA,26,BUY,296,432.62,SELL,2024-01-30 15:47:28
ORD00758,UBER,21,SELL,367,526.87,BUY,2024-03-12 11:27:16
ORD02601,STNE,8,SELL,346,369.16,BUY,2024-10-31 11:46:46
ORD00098,GOOGL,37,BUY,440,440.67,SELL,2024-03-18 13:53:28
ORD01334,SOFI,22,BUY,106,392.91,SELL,2024-05-08 14:57:07
ORD03165,ITUB,32,SELL,476,109.36,BUY,2024-03-29 13:13:47
ORD03687,FSM,30,SELL,130,137.18,BUY,2024-09-23 15:01:03
ORD03527,KGC,4,BUY,205,104.06,SELL,2024-02-19 11:20:53
ORD02059,WMT,38,SELL,109,167.08,BUY,2024-02-23 15:55:39
ORD02792,DESP,35,SELL,493,187.76,BUY,2024-08-08 10:50:48
ORD00149,AMZN,35,SELL,279,196.66,BUY,2024-06-10 14:45:52
ORD00029,AAPL,3,SELL,452,171.5,BUY,2024-08-27 11:22:48
ORD02716,GLOB,7,BUY,471,50.93,SELL,2024-04-02 10:45:03
ORD03472,GOLD,30,SELL,118,344.73,BUY,2024-05-07 12:11:24
ORD00693,PYPL,23,BUY,306,104.63,SELL,2024-01-25 14:54:41
ORD01387,LCID,39,SELL,110,248.32,BUY,2024-03-13 10:34:21
ORD01846,LMND,40,BUY,261,302.68,SELL,2024-04-02 10:57:40
ORD03513,AEM,15,SELL,19,289.62,BUY,2024-02-09 12:43:06
ORD01600,BYND,28,SELL,496,406.14,BUY,2024-09-17 10:54:19
ORD00702,PYPL,37,BUY,97,91.3,SELL,2024-01-25 15:48:52
ORD01709,PENN,16,BUY,311,135.75,SELL,2024-10-15 10:00:28
ORD00455,ORCL,33,BUY,235,31.19,SELL,2024-07-10 14:45:02
ORD02041,WMT,22,BUY,228,159.1,SELL,2024-02-23 10:54:45
ORD03712,FSM,12,BUY,21,131.46,SELL,2024-09-23 14:20:43
ORD02316,HOUS,20,SELL,365,242.43,BUY,2024-09-24 11:26:34
ORD00610,ADBE,37,SELL,352,160.19,BUY,2024-01-17 15:20:02
ORD00168,TSLA,11,BUY,500,142.66,SELL,2024-12-23 13:19:03
ORD00731,UBER,10,SELL,163,479.71,BUY,2024-03-12 14:04:57
ORD02857,LOMA,9,SELL,102,30.25,BUY,2024-11-06 10:34:24
ORD03575,AG,36,BUY,98,138.2,SELL,2024-11-12 15:18:20
ORD02639,STNE,35,SELL,270,364.19,BUY,2024-10-31 12:37:12
ORD01623,SPCE,9,SELL,317,272.8,BUY,2024-07-10 14:57:56
ORD00588,QCOM,8,SELL,427,475.97,BUY,2024-01-25 10:08:17
ORD01402,RIVN,37,SELL,241,187.85,BUY,2024-06-26 15:44:33
ORD01701,PENN,36,SELL,397,145.52,BUY,2024-10-15 14:34:58
ORD02898,CEPU,39,BUY,2,401.78,SELL,2024-09-13 11:39:53
ORD03136,PBR,33,SELL,300,302.97,BUY,2024-05-01 10:28:59
ORD01380,LCID,2,SELL,377,239.2,BUY,2024-03-13 15:15:54
ORD02090,CVNA,22,BUY,190,312.25,SELL,2024-03-01 10:41:11
ORD02176,EXPI,3,BUY,36,330.9,SELL,2024-02-14 10:47:30
ORD02911,CEPU,33,BUY,379,398.18,SELL,2024-09-13 13:05:25
ORD03918,MARA,36,SELL,120,133.94,BUY,2024-10-07 14:13:41
ORD03228,BBD,21,SELL,158,168.1,BUY,2024-03-22 13:57:09
ORD00442,ORCL,32,BUY,198,28.41,SELL,2024-07-10 13:04:31
ORD02052,WMT,6,BUY,313,137.3,SELL,2024-02-23 14:12:57
ORD01302,AFRM,36,BUY,166,365.45,SELL,2024-04-02 12:27:53
ORD03374,RENT,17,BUY,71,386.61,SELL,2024-12-19 12:01:59
ORD01305,AFRM,19,BUY,489,410.25,SELL,2024-04-02 15:40:41
ORD00237,META,1,BUY,408,73.83,SELL,2024-03-04 14:28:43
ORD00521,CSCO,2,BUY,485,97.94,SELL,2024-12-17 14:48:45
ORD00736,UBER,1,SELL,500,532.78,BUY,2024-03-12 12:09:21
ORD03531,KGC,1,SELL,436,96.69,BUY,2024-02-19 12:25:22
ORD02107,CVNA,35,SELL,27,320.97,BUY,2024-03-01 15:07:49
ORD00593,QCOM,21,BUY,62,476.66,SELL,2024-01-25 15:03:25
ORD01304,AFRM,1,SELL,448,419.14,BUY,2024-04-02 13:41:34
ORD01388,LCID,40,SELL,142,249.67,BUY,2024-03-13 15:49:23
ORD02584,NU,15,BUY,255,67.09,SELL,2024-09-06 09:54:54
ORD03497,AEM,19,SELL,343,293.11,BUY,2024-02-09 10:22:13
ORD03714,FSM,36,BUY,218,127.54,SELL,2024-09-23 13:44:02
ORD00905,SPOT,2,SELL,180,192.65,BUY,2024-12-10 14:55:09
ORD03379,RENT,3,BUY,14,396.97,SELL,2024-12-19 14:29:01
ORD01280,HOOD,17,BUY,260,53.29,SELL,2024-07-02 10:56:13
ORD03181,ITUB,29,BUY,215,106.87,SELL,2024-03-29 11:56:16
ORD03836,MAG,20,SELL,371,84.9,BUY,2024-12-16 09:49:43
ORD02309,HOUS,18,BUY,163,212.9,SELL,2024-09-24 09:52:06
ORD03163,ITUB,15,SELL,400,106.88,BUY,2024-03-29 15:09:59
ORD03267,BRKM,21,BUY,156,74.14,SELL,2024-09-05 11:41:17
ORD03156,PBR,26,BUY,105,282.5,SELL,2024-05-01 11:33:58
ORD00707,PYPL,21,BUY,120,102.28,SELL,2024-01-25 13:37:55
ORD03515,AEM,5,BUY,173,261.7,SELL,2024-02-09 12:20:11
ORD00746,UBER,22,BUY,307,493.01,SELL,2024-03-12 15:57:38
ORD01940,PTON,17,BUY,9,46.29,SELL,2024-12-26 11:14:33
ORD02634,STNE,23,SELL,114,343.72,BUY,2024-10-31 10:11:05
ORD00514,IBM,6,SELL,290,304.29,BUY,2024-09-11 13:48:26
ORD00082,GOOGL,30,BUY,204,441.16,SELL,2024-03-18 15:31:33
ORD01309,AFRM,4,SELL,262,430.57,BUY,2024-04-02 10:36:19
ORD03306,SUZB,32,SELL,215,450.82,BUY,2024-02-05 12:57:48
ORD00915,SPOT,10,BUY,182,180.98,SELL,2024-12-10 12:14:07
ORD03674,CDE,17,SELL,77,466.74,BUY,2024-05-28 11:34:26
ORD03658,CDE,12,SELL,170,523.37,BUY,2024-05-28 10:44:07
ORD00775,LYFT,30,BUY,208,218.59,SELL,2024-09-02 12:31:50
ORD00330,INTC,24,SELL,341,71.4,BUY,2024-07-29 15:40:46
ORD02055,WMT,37,BUY,298,140.62,SELL,2024-02-23 14:36:51
ORD02002,ETSY,36,BUY,331,308.48,SELL,2024-12-09 14:57:42
ORD00944,SHOP,40,BUY,434,165.74,SELL,2024-03-29 10:34:26
ORD00823,SNAP,16,SELL,405,402.07,BUY,2024-01-09 14:56:02
ORD00910,SPOT,21,BUY,41,196.79,SELL,2024-12-10 14:56:44
ORD02517,DIDI,16,BUY,273,486.7,SELL,2024-05-27 10:41:39
ORD00182,TSLA,3,SELL,104,151.1,BUY,2024-12-23 15:49:31
ORD00165,TSLA,15,SELL,240,150.52,BUY,2024-12-23 13:46:21
ORD01524,LI,22,BUY,210,173.54,SELL,2024-10-30 14:26:45
ORD00452,ORCL,12,BUY,372,28.72,SELL,2024-07-10 12:25:25
ORD02539,MELI,35,BUY,73,75.61,SELL,2024-02-16 13:08:36
ORD01312,AFRM,25,SELL,318,400.68,BUY,2024-04-02 10:49:54
ORD01112,DOCU,23,SELL,185,58.04,BUY,2024-04-26 13:28:31
ORD03769,GPL,27,BUY,347,73.38,SELL,2024-11-20 10:28:30
ORD01288,AFRM,7,SELL,500,424.3,BUY,2024-04-02 13:08:30
ORD00328,INTC,28,SELL,499,72.94,BUY,2024-07-29 14:33:33
ORD01791,DUOL,25,BUY,203,336.69,SELL,2024-09-16 12:43:47
ORD02491,DIDI,4,BUY,400,498.33,SELL,2024-05-27 14:25:20
ORD03535,KGC,5,SELL,207,99.43,BUY,2024-02-19 14:44:13
ORD02008,ETSY,28,BUY,168,291.09,SELL,2024-12-09 15:30:54
ORD01859,LMND,12,BUY,487,283.18,SELL,2024-04-02 14:50:31
ORD00313,NFLX,3,BUY,64,259.87,SELL,2024-11-05 15:43:10
ORD00833,SNAP,38,BUY,156,369.0,SELL,2024-01-09 10:07:16
ORD01202,COIN,36,SELL,322,329.48,BUY,2024-09-23 10:29:34
ORD03065,CAAP,26,BUY,216,67.19,SELL,2024-10-11 09:36:11
ORD02608,STNE,6,BUY,246,335.4,SELL,2024-10-31 10:54:03
ORD02135,OPEN,37,BUY,243,468.65,SELL,2024-03-25 11:45:32
ORD02210,RDFN,12,SELL,466,467.6,BUY,2024-10-30 10:11:47
ORD03910,MARA,2,SELL,343,140.37,BUY,2024-10-07 12:39:02
ORD01482,XPEV,35,BUY,108,374.56,SELL,2024-08-02 09:58:37
ORD00778,LYFT,3,SELL,422,230.3,BUY,2024-09-02 15:44:03
ORD00800,LYFT,4,BUY,10,235.26,SELL,2024-09-02 13:16:55
ORD00055,MSFT,3,SELL,138,13.4,BUY,2024-05-08 14:26:36
ORD01921,PTON,7,SELL,498,48.34,BUY,2024-12-26 12:13:34
ORD03436,BEEF,27,BUY,333,211.34,SELL,2024-10-30 12:09:31
ORD02955,IRSA,3,SELL,383,48.59,BUY,2024-02-01 15:24:00
ORD01702,PENN,11,SELL,116,144.77,BUY,2024-10-15 14:01:55
ORD02162,EXPI,9,SELL,78,320.18,BUY,2024-02-14 14:41:05
ORD03741,EXK,5,SELL,18,432.63,BUY,2024-06-14 14:31:34
ORD00988,SQ,26,BUY,247,25.23,SELL,2024-02-08 15:12:59
ORD03133,PBR,6,SELL,363,285.07,BUY,2024-05-01 12:24:01
ORD03602,HL,10,SELL,340,118.6,BUY,2024-07-10 11:26:20
ORD01395,LCID,30,SELL,233,256.0,BUY,2024-03-13 10:03:43
ORD00769,LYFT,31,SELL,370,236.44,BUY,2024-09-02 13:06:59
ORD03530,KGC,14,BUY,368,99.32,SELL,2024-02-19 14:32:10
ORD00286,NFLX,14,SELL,449,285.27,BUY,2024-11-05 12:39:01
ORD03999,BITF,13,SELL,470,278.16,BUY,2024-04-15 11:16:48
ORD00429,BABA,33,BUY,187,422.64,SELL,2024-01-30 13:30:37
ORD02333,ABNB,38,BUY,256,432.05,SELL,2024-11-06 11:49:47
ORD02080,WMT,34,SELL,422,155.0,BUY,2024-02-23 11:11:06
ORD00723,UBER,34,BUY,286,499.91,SELL,2024-03-12 12:24:23
ORD00952,SHOP,23,SELL,407,162.33,BUY,2024-03-29 14:12:34
ORD03029,AGRO,36,SELL,236,97.44,BUY,2024-05-06 13:05:53
ORD02263,COMP,2,BUY,414,455.65,SELL,2024-10-14 12:20:51
ORD00990,SQ,34,SELL,169,24.32,BUY,2024-02-08 12:29:48
ORD03720,FSM,26,BUY,14,126.08,SELL,2024-09-23 09:34:44
ORD02688,GLOB,31,BUY,218,47.03,SELL,2024-04-02 13:49:16
ORD00327,INTC,19,BUY,221,68.73,SELL,2024-07-29 10:51:52
ORD02609,STNE,37,SELL,361,324.53,BUY,2024-10-31 14:42:52
ORD01384,LCID,15,BUY,350,247.59,SELL,2024-03-13 15:46:51
ORD01725,CHGG,15,BUY,233,292.4,SELL,2024-01-08 14:02:29
ORD01087,DOCU,1,BUY,297,57.13,SELL,2024-04-26 09:57:26
ORD03197,ITUB,1,SELL,384,109.47,BUY,2024-03-29 10:32:13
ORD00342,INTC,26,SELL,248,81.34,BUY,2024-07-29 11:27:48
ORD00148,AMZN,3,BUY,458,166.06,SELL,2024-06-10 12:28:17
ORD03096,VALE,10,BUY,110,106.16,SELL,2024-05-31 10:52:23
ORD01108,DOCU,16,BUY,102,55.55,SELL,2024-04-26 10:28:14
ORD00849,TWTR,4,BUY,404,362.68,SELL,2024-04-15 14:58:52
ORD00967,SQ,15,BUY,26,25.66,SELL,2024-02-08 12:19:13
ORD03263,BRKM,17,SELL,484,73.71,BUY,2024-09-05 13:00:30
ORD02204,RDFN,29,SELL,290,465.9,BUY,2024-10-30 10:47:50
ORD00662,CRM,20,BUY,481,110.31,SELL,2024-06-10 10:37:18
ORD01003,ROKU,34,SELL,159,274.51,BUY,2024-05-15 11:39:35
ORD03848,RIOT,21,BUY,403,322.07,SELL,2024-01-22 11:43:45
ORD03341,MGLU,11,BUY,113,235.85,SELL,2024-12-31 12:49:45
ORD03103,VALE,33,BUY,128,112.21,SELL,2024-05-31 10:11:47
ORD03890,MARA,11,BUY,68,121.13,SELL,2024-10-07 12:34:25
ORD01880,LMND,39,BUY,460,283.83,SELL,2024-04-02 12:44:58
ORD03757,EXK,10,BUY,218,384.59,SELL,2024-06-14 10:50:10
ORD01204,COIN,7,SELL,66,323.17,BUY,2024-09-23 11:52:26
ORD01991,FVRR,22,SELL,45,184.22,BUY,2024-04-05 09:36:56
ORD00025,AAPL,19,SELL,489,181.37,BUY,2024-08-27 14:12:41
ORD03748,EXK,6,SELL,408,417.95,BUY,2024-06-14 15:21:27
ORD02684,GLOB,5,SELL,184,48.13,BUY,2024-04-02 10:39:52
ORD02752,ARCO,6,BUY,453,473.74,SELL,2024-10-17 10:24:48
ORD03049,CAAP,12,SELL,371,61.9,BUY,2024-10-11 09:53:26
ORD00876,TWTR,28,SELL,179,363.42,BUY,2024-04-15 15:03:50
ORD03588,AG,3,BUY,16,127.08,SELL,2024-11-12 15:53:05
ORD00939,SHOP,12,SELL,384,154.47,BUY,2024-03-29 12:02:34
ORD02395,DASH,5,SELL,420,114.65,BUY,2024-12-25 15:43:26
ORD03337,MGLU,38,BUY,172,229.3,SELL,2024-12-31 14:18:01
ORD03961,BITF,9,BUY,18,263.73,SELL,2024-04-15 10:35:48
ORD00386,AMD,30,SELL,38,110.96,BUY,2024-04-24 12:12:17
ORD03040,AGRO,37,SELL,132,101.62,BUY,2024-05-06 15:13:09
ORD03327,MGLU,21,SELL,326,253.08,BUY,2024-12-31 10:11:31
ORD02910,CEPU,8,BUY,163,413.56,SELL,2024-09-13 15:08:36
ORD02292,HOUS,1,BUY,132,211.36,SELL,2024-09-24 12:49:27
ORD03233,BBD,6,BUY,152,148.32,SELL,2024-03-22 09:44:10
ORD00937,SHOP,2,SELL,105,153.38,BUY,2024-03-29 15:49:16
ORD03430,BEEF,36,SELL,432,241.08,BUY,2024-10-30 12:42:00
ORD02361,DASH,33,BUY,458,122.61,SELL,2024-12-25 10:37:00
ORD03897,MARA,12,BUY,354,117.74,SELL,2024-10-07 14:08:59
ORD01333,SOFI,19,BUY,291,360.52,SELL,2024-05-08 15:33:40
ORD01935,PTON,2,SELL,450,53.93,BUY,2024-12-26 12:48:55
ORD00936,SHOP,8,SELL,263,159.84,BUY,2024-03-29 10:14:37
ORD02419,GRAB,3,BUY,185,58.47,SELL,2024-07-18 12:06:14
ORD00567,QCOM,30,SELL,358,457.0,BUY,2024-01-25 13:58:56
ORD01855,LMND,7,BUY,250,298.68,SELL,2024-04-02 10:33:46
ORD03210,BBD,11,SELL,371,154.95,BUY,2024-03-22 14:53:01
ORD02468,SEA,17,SELL,31,363.92,BUY,2024-04-02 11:41:02
ORD01646,DKNG,12,SELL,267,207.17,BUY,2024-07-10 11:03:59
ORD03314,SUZB,33,BUY,457,421.28,SELL,2024-02-05 09:40:10
ORD01793,DUOL,37,SELL,158,345.87,BUY,2024-09-16 15:34:00
ORD01431,RIVN,40,BUY,58,193.04,SELL,2024-06-26 11:59:51
ORD03072,CAAP,5,SELL,276,69.19,BUY,2024-10-11 13:16:24
ORD01014,ROKU,40,SELL,336,275.38,BUY,2024-05-15 09:55:16
ORD01929,PTON,30,BUY,251,50.99,SELL,2024-12-26 15:36:24
ORD02982,BIOX,36,BUY,48,92.56,SELL,2024-05-08 15:50:29
ORD00127,AMZN,37,SELL,238,190.29,BUY,2024-06-10 13:56:43
ORD02773,DESP,17,BUY,333,177.59,SELL,2024-08-08 11:36:21
ORD01348,SOFI,6,BUY,242,401.08,SELL,2024-05-08 14:41:43
ORD00356,INTC,36,BUY,461,70.46,SELL,2024-07-29 11:45:04
ORD00828,SNAP,36,BUY,291,386.92,SELL,2024-01-09 10:21:09
ORD01640,SPCE,23,SELL,178,280.02,BUY,2024-07-10 10:25:39
ORD00985,SQ,17,SELL,32,24.04,BUY,2024-02-08 14:09:27
ORD02189,EXPI,23,SELL,417,354.95,BUY,2024-02-14 09:31:24
ORD03387,RENT,10,BUY,107,396.21,SELL,2024-12-19 12:05:19
ORD02444,SEA,7,SELL,448,348.42,BUY,2024-04-02 10:43:38
ORD00363,AMD,28,BUY,384,107.91,SELL,2024-04-24 10:44:32
ORD02350,ABNB,8,BUY,238,400.1,SELL,2024-11-06 11:33:29
ORD00346,INTC,5,SELL,166,80.04,BUY,2024-07-29 12:55:00
ORD02727,ARCO,39,BUY,366,443.76,SELL,2024-10-17 14:56:17
ORD03377,RENT,2,SELL,16,403.59,BUY,2024-12-19 14:45:12
ORD00712,PYPL,22,SELL,287,108.72,BUY,2024-01-25 13:39:26
ORD02891,CEPU,21,BUY,12,389.61,SELL,2024-09-13 13:43:26
ORD03786,GPL,17,BUY,211,72.17,SELL,2024-11-20 15:51:58
ORD00011,AAPL,15,BUY,215,162.75,SELL,2024-08-27 12:41:06
ORD03204,BBD,17,SELL,138,163.86,BUY,2024-03-22 14:29:51
ORD02117,CVNA,5,SELL,285,301.43,BUY,2024-03-01 14:21:54
ORD01835,UPST,24,BUY,398,402.38,SELL,2024-04-10 13:40:47
ORD00794,LYFT,6,SELL,350,236.95,BUY,2024-09-02 10:46:16
ORD03679,CDE,28,BUY,465,445.03,SELL,2024-05-28 12:26:58
ORD02675,PAGS,5,SELL,464,73.92,BUY,2024-01-02 10:53:58
ORD00095,GOOGL,23,BUY,209,485.52,SELL,2024-03-18 15:11:51
ORD00130,AMZN,16,SELL,334,196.74,BUY,2024-06-10 10:51:32
ORD02372,DASH,14,BUY,18,121.82,SELL,2024-12-25 15:27:13
ORD02966,BIOX,15,BUY,85,103.05,SELL,2024-05-08 11:34:49
ORD03870,RIOT,22,SELL,367,370.28,BUY,2024-01-22 13:33:58
ORD02264,COMP,21,BUY,217,474.68,SELL,2024-10-14 13:34:20
ORD01901,ROOT,17,BUY,8,320.18,SELL,2024-08-27 14:46:56
ORD03042,CAAP,1,BUY,248,59.21,SELL,2024-10-11 11:12:04
ORD03173,ITUB,40,SELL,201,101.46,BUY,2024-03-29 13:16:26
ORD01933,PTON,33,SELL,298,53.98,BUY,2024-12-26 12:24:17
ORD03361,RENT,12,BUY,289,415.59,SELL,2024-12-19 14:09:03
ORD01866,LMND,35,BUY,251,312.83,SELL,2024-04-02 14:38:14
ORD01659,DKNG,30,BUY,3,196.74,SELL,2024-07-10 12:59:04
ORD00517,IBM,18,BUY,151,268.59,SELL,2024-09-11 09:44:08
ORD01858,LMND,4,SELL,420,312.66,BUY,2024-04-02 12:59:37
ORD02646,PAGS,21,BUY,305,67.72,SELL,2024-01-02 15:29:47
ORD02244,COMP,9,SELL,138,499.59,BUY,2024-10-14 14:50:21
ORD01278,HOOD,14,BUY,98,54.71,SELL,2024-07-02 13:39:41
ORD03855,RIOT,28,SELL,183,369.39,BUY,2024-01-22 15:35:55
ORD00951,SHOP,39,SELL,398,168.98,BUY,2024-03-29 15:40:50
ORD01121,PLTR,28,SELL,473,108.93,BUY,2024-10-08 09:39:04
ORD02598,NU,40,BUY,488,74.28,SELL,2024-09-06 11:27:09
ORD02205,RDFN,27,SELL,42,467.38,BUY,2024-10-30 15:49:25
ORD00420,BABA,1,SELL,310,453.62,BUY,2024-01-30 10:22:12
ORD00923,SHOP,38,BUY,36,161.85,SELL,2024-03-29 14:48:19
ORD02914,CEPU,32,SELL,212,437.86,BUY,2024-09-13 13:10:34
ORD00478,ORCL,23,SELL,254,31.36,BUY,2024-07-10 09:55:22
ORD02036,ETSY,31,BUY,242,282.53,SELL,2024-12-09 15:17:49
ORD02884,CEPU,7,SELL,277,418.55,BUY,2024-09-13 14:41:48
ORD01693,PENN,7,BUY,421,130.48,SELL,2024-10-15 12:09:51
ORD03841,RIOT,3,BUY,109,312.47,SELL,2024-01-22 13:46:57
ORD01472,NIO,24,BUY,384,110.41,SELL,2024-02-19 13:23:34
ORD02602,STNE,10,BUY,126,349.41,SELL,2024-10-31 11:46:33
ORD01203,COIN,2,SELL,108,301.9,BUY,2024-09-23 10:04:26
ORD02439,GRAB,9,SELL,352,61.16,BUY,2024-07-18 14:52:30
ORD02627,STNE,14,SELL,208,364.92,BUY,2024-10-31 11:24:04
ORD01670,DKNG,29,SELL,98,211.2,BUY,2024-07-10 09:34:01
ORD03696,FSM,37,BUY,276,119.13,SELL,2024-09-23 14:14:35
ORD01971,FVRR,37,SELL,254,183.99,BUY,2024-04-05 14:17:32
ORD02152,OPEN,23,BUY,63,456.18,SELL,2024-03-25 14:57:15
ORD00821,SNAP,28,SELL,292,400.01,BUY,2024-01-09 12:38:59
ORD01998,FVRR,35,SELL,162,175.2,BUY,2024-04-05 10:24:33
ORD03823,MAG,40,BUY,479,76.12,SELL,2024-12-16 11:16:31
ORD01249,HOOD,38,BUY,70,57.95,SELL,2024-07-02 11:37:22
ORD03407,BEEF,10,SELL,92,223.3,BUY,2024-10-30 11:32:01
ORD02713,GLOB,8,SELL,176,48.5,BUY,2024-04-02 10:20:33
ORD03541,KGC,16,BUY,169,104.2,SELL,2024-02-19 12:46:12
ORD02191,EXPI,6,BUY,409,340.97,SELL,2024-02-14 14:33:33
ORD03477,GOLD,22,BUY,488,341.36,SELL,2024-05-07 10:25:05
ORD01047,ZM,39,SELL,5,275.65,BUY,2024-11-04 14:56:15
ORD01889,ROOT,34,BUY,113,319.67,SELL,2024-08-27 13:51:06
ORD02470,SEA,19,SELL,425,375.31,BUY,2024-04-02 14:09:25
ORD00616,ADBE,14,BUY,101,145.6,SELL,2024-01-17 13:36:28
ORD01319,AFRM,13,SELL,314,410.63,BUY,2024-04-02 13:56:49
ORD03845,RIOT,1,BUY,65,319.11,SELL,2024-01-22 12:41:15
ORD03885,MARA,21,SELL,282,134.89,BUY,2024-10-07 15:30:11
ORD03901,MARA,35,BUY,283,124.86,SELL,2024-10-07 12:00:34
ORD02137,OPEN,17,BUY,362,426.29,SELL,2024-03-25 15:55:35
ORD03257,BRKM,26,BUY,10,64.64,SELL,2024-09-05 11:49:02
ORD01773,DUOL,27,BUY,203,297.95,SELL,2024-09-16 11:32:23
ORD03933,HUT,12,BUY,494,372.33,SELL,2024-12-04 13:28:39
ORD00132,AMZN,5,SELL,460,183.47,BUY,2024-06-10 12:21:54
ORD02851,LOMA,10,BUY,80,26.55,SELL,2024-11-06 12:58:26
ORD00078,MSFT,1,SELL,458,13.57,BUY,2024-05-08 15:45:01
ORD02053,WMT,28,SELL,283,162.92,BUY,2024-02-23 15:50:28
ORD00725,UBER,28,SELL,433,492.24,BUY,2024-03-12 11:29:54
ORD01315,AFRM,5,BUY,72,371.74,SELL,2024-04-02 09:55:39
ORD01852,LMND,33,SELL,233,313.65,BUY,2024-04-02 10:30:30
ORD03904,MARA,8,BUY,298,120.15,SELL,2024-10-07 13:17:16
ORD03043,CAAP,25,BUY,499,59.08,SELL,2024-10-11 10:38:46
ORD03294,SUZB,20,SELL,207,454.17,BUY,2024-02-05 13:06:28
ORD01373,LCID,32,SELL,393,254.62,BUY,2024-03-13 10:57:33
ORD01856,LMND,30,BUY,97,304.12,SELL,2024-04-02 12:17:44
ORD01320,AFRM,2,BUY,16,392.18,SELL,2024-04-02 11:10:27
ORD02561,NU,30,BUY,88,71.48,SELL,2024-09-06 13:35:50
ORD03831,MAG,4,BUY,205,75.8,SELL,2024-12-16 11:24:12
ORD03245,BRKM,8,BUY,344,73.87,SELL,2024-09-05 13:41:32
ORD03872,RIOT,24,SELL,158,361.3,BUY,2024-01-22 12:15:37
ORD00376,AMD,40,SELL,498,115.11,BUY,2024-04-24 12:00:37
ORD01909,ROOT,27,SELL,383,332.76,BUY,2024-08-27 15:58:26
ORD00334,INTC,1,SELL,225,71.17,BUY,2024-07-29 09:51:54
ORD02987,BIOX,8,SELL,392,102.42,BUY,2024-05-08 14:13:03
ORD03734,EXK,9,BUY,352,403.9,SELL,2024-06-14 14:20:45
ORD02366,DASH,26,SELL,368,114.65,BUY,2024-12-25 15:02:43
ORD01605,SPCE,16,BUY,264,254.76,SELL,2024-07-10 14:41:25
ORD01119,DOCU,39,BUY,258,55.9,SELL,2024-04-26 09:42:27
ORD03772,GPL,19,BUY,316,74.34,SELL,2024-11-20 15:33:16
ORD01944,PTON,8,SELL,331,50.62,BUY,2024-12-26 10:24:40
ORD02998,BIOX,12,SELL,15,107.94,BUY,2024-05-08 13:00:27
ORD02377,DASH,1,SELL,452,122.08,BUY,2024-12-25 09:56:35
ORD03346,MGLU,5,SELL,385,236.36,BUY,2024-12-31 15:02:44
ORD01343,SOFI,29,BUY,248,381.64,SELL,2024-05-08 15:44:54
ORD00321,INTC,3,BUY,244,74.69,SELL,2024-07-29 10:01:15
ORD01620,SPCE,17,SELL,72,280.92,BUY,2024-07-10 10:09:35
ORD03236,BBD,9,BUY,48,157.82,SELL,2024-03-22 15:08:32
ORD02061,WMT,18,SELL,22,158.11,BUY,2024-02-23 11:53:50
ORD02220,RDFN,10,SELL,382,452.52,BUY,2024-10-30 15:08:57
ORD01674,DKNG,37,BUY,483,185.56,SELL,2024-07-10 15:03:57
ORD01943,PTON,35,SELL,451,50.85,BUY,2024-12-26 10:41:58
ORD00261,NVDA,16,SELL,255,93.61,BUY,2024-11-05 10:39:02
ORD03114,VALE,12,BUY,166,105.42,SELL,2024-05-31 15:31:36
ORD02040,ETSY,9,BUY,368,302.34,SELL,2024-12-09 15:51:48
ORD00690,PYPL,36,SELL,232,106.73,BUY,2024-01-25 11:29:07
ORD00902,SPOT,7,SELL,96,193.91,BUY,2024-12-10 14:19:58
ORD02307,HOUS,21,SELL,57,232.62,BUY,2024-09-24 09:50:52
ORD02027,ETSY,17,SELL,286,327.1,BUY,2024-12-09 09:39:26
ORD00139,AMZN,10,SELL,254,187.76,BUY,2024-06-10 10:23:32
ORD01918,ROOT,8,SELL,426,322.02,BUY,2024-08-27 09:43:50
ORD01829,UPST,15,BUY,444,411.66,SELL,2024-04-10 09:34:43
ORD01574,BYND,25,BUY,433,361.73,SELL,2024-09-17 13:04:37
ORD00320,NFLX,23,BUY,368,288.23,SELL,2024-11-05 14:29:31
ORD00654,CRM,28,SELL,235,107.14,BUY,2024-06-10 13:30:42
ORD02138,OPEN,10,SELL,58,502.09,BUY,2024-03-25 12:43:05
ORD03191,ITUB,34,SELL,237,102.6,BUY,2024-03-29 14:18:52
ORD00559,CSCO,8,BUY,57,98.37,SELL,2024-12-17 12:36:52
ORD02188,EXPI,38,BUY,377,329.05,SELL,2024-02-14 15:35:35
ORD00113,GOOGL,38,BUY,65,460.18,SELL,2024-03-18 14:11:30
ORD00532,CSCO,30,BUY,83,98.8,SELL,2024-12-17 13:01:05
ORD00225,META,4,BUY,402,72.7,SELL,2024-03-04 15:50:07
ORD00724,UBER,40,SELL,167,479.04,BUY,2024-03-12 11:59:10
ORD03213,BBD,3,BUY,203,154.0,SELL,2024-03-22 10:24:09
ORD03927,HUT,4,SELL,53,393.31,BUY,2024-12-04 13:35:43
ORD01434,RIVN,18,BUY,103,186.62,SELL,2024-06-26 14:55:56
ORD02374,DASH,20,BUY,169,106.34,SELL,2024-12-25 10:16:51
ORD03084,VALE,36,BUY,226,104.83,SELL,2024-05-31 15:33:12
ORD04000,BITF,11,BUY,307,263.69,SELL,2024-04-15 15:59:14
ORD01459,NIO,10,BUY,140,113.08,SELL,2024-02-19 15:42:31
ORD03596,AG,18,SELL,422,133.06,BUY,2024-11-12 11:49:07
ORD02763,DESP,13,BUY,491,168.39,SELL,2024-08-08 09:51:41
ORD00847,TWTR,31,BUY,82,335.88,SELL,2024-04-15 12:17:07
ORD00194,TSLA,37,SELL,264,142.89,BUY,2024-12-23 12:39:10
ORD01465,NIO,17,SELL,457,123.79,BUY,2024-02-19 10:09:06
ORD02622,STNE,40,SELL,85,345.68,BUY,2024-10-31 15:24:12
ORD00947,SHOP,30,BUY,98,159.5,SELL,2024-03-29 14:32:45
ORD02022,ETSY,16,SELL,176,309.24,BUY,2024-12-09 15:45:58
ORD02552,MELI,37,SELL,491,78.92,BUY,2024-02-16 14:01:54
ORD01630,SPCE,28,BUY,179,259.27,SELL,2024-07-10 13:45:32
ORD00118,GOOGL,9,BUY,123,463.35,SELL,2024-03-18 15:00:00
ORD00646,CRM,8,SELL,287,108.37,BUY,2024-06-10 10:33:51
ORD01871,LMND,5,SELL,10,331.51,BUY,2024-04-02 14:30:12
ORD00004,AAPL,35,SELL,173,174.84,BUY,2024-08-27 14:49:40
ORD00075,MSFT,7,BUY,329,13.54,SELL,2024-05-08 14:25:32
ORD01756,CHGG,5,BUY,110,313.5,SELL,2024-01-08 15:41:54
ORD00468,ORCL,11,BUY,37,27.45,SELL,2024-07-10 10:09:45
ORD00006,AAPL,37,BUY,409,173.13,SELL,2024-08-27 12:45:01
ORD01247,HOOD,36,SELL,274,60.44,BUY,2024-07-02 09:37:27
ORD00920,SPOT,24,BUY,167,205.7,SELL,2024-12-10 09:57:46
ORD02596,NU,36,SELL,481,77.41,BUY,2024-09-06 14:34:10
ORD00229,META,25,SELL,238,73.07,BUY,2024-03-04 15:17:35
ORD01064,ZM,9,BUY,468,269.85,SELL,2024-11-04 09:41:34
ORD02591,NU,11,BUY,314,70.65,SELL,2024-09-06 15:35:32
ORD00243,NVDA,5,BUY,3,95.23,SELL,2024-11-05 14:19:53
ORD03405,BEEF,32,SELL,184,222.94,BUY,2024-10-30 13:02:56
ORD01161,RBLX,7,BUY,261,98.66,SELL,2024-12-20 13:33:18
ORD03089,VALE,24,BUY,136,117.82,SELL,2024-05-31 13:34:36
ORD03338,MGLU,28,BUY,262,252.29,SELL,2024-12-31 13:01:10
ORD03240,BBD,15,BUY,449,145.24,SELL,2024-03-22 10:45:58
ORD02564,NU,37,SELL,255,68.68,BUY,2024-09-06 10:26:47
ORD02672,PAGS,28,SELL,118,73.83,BUY,2024-01-02 14:44:13
ORD01527,LI,36,SELL,486,170.25,BUY,2024-10-30 15:42:47
ORD01606,SPCE,11,BUY,313,245.9,SELL,2024-07-10 12:29:22
ORD03710,FSM,15,SELL,389,143.13,BUY,2024-09-23 14:35:24
ORD03970,BITF,26,SELL,167,277.03,BUY,2024-04-15 10:43:58
ORD02710,GLOB,12,SELL,375,51.27,BUY,2024-04-02 12:32:23
ORD03559,KGC,35,SELL,437,110.8,BUY,2024-02-19 13:23:26
ORD03979,BITF,8,BUY,339,288.07,SELL,2024-04-15 15:03:44
ORD01990,FVRR,32,BUY,192,180.91,SELL,2024-04-05 09:34:22
ORD03509,AEM,28,BUY,133,279.17,SELL,2024-02-09 12:51:00
ORD02363,DASH,29,SELL,198,123.22,BUY,2024-12-25 11:38:44
ORD01976,FVRR,8,BUY,52,173.58,SELL,2024-04-05 14:47:06
ORD01762,DUOL,22,BUY,140,303.47,SELL,2024-09-16 14:26:42
ORD01306,AFRM,21,BUY,137,375.52,SELL,2024-04-02 12:16:25
ORD02740,ARCO,3,SELL,103,472.42,BUY,2024-10-17 13:43:02
ORD01542,LI,12,BUY,193,165.66,SELL,2024-10-30 10:47:54
ORD03463,GOLD,19,SELL,446,364.93,BUY,2024-05-07 11:31:19
ORD02473,SEA,3,BUY,246,357.91,SELL,2024-04-02 13:45:15
ORD02643,PAGS,29,BUY,375,72.14,SELL,2024-01-02 14:08:36
ORD02796,DESP,28,SELL,346,173.91,BUY,2024-08-08 13:21:00
ORD00623,ADBE,4,SELL,293,149.97,BUY,2024-01-17 12:20:49
ORD03064,CAAP,32,SELL,391,66.75,BUY,2024-10-11 11:21:12
ORD01494,XPEV,12,BUY,349,357.27,SELL,2024-08-02 13:04:27
ORD00111,GOOGL,1,BUY,481,478.09,SELL,2024-03-18 11:05:34
ORD02276,COMP,24,SELL,394,432.4,BUY,2024-10-14 11:06:38
ORD03002,AGRO,33,SELL,478,91.44,BUY,2024-05-06 15:12:02
ORD01170,RBLX,31,BUY,185,90.81,SELL,2024-12-20 11:51:23
ORD03258,BRKM,22,SELL,324,75.42,BUY,2024-09-05 12:30:31
ORD00233,META,20,SELL,422,70.71,BUY,2024-03-04 11:16:05
ORD00067,MSFT,6,BUY,128,12.98,SELL,2024-05-08 13:52:15
ORD03603,HL,7,BUY,79,109.42,SELL,2024-07-10 12:43:07
ORD02073,WMT,1,SELL,203,147.71,BUY,2024-02-23 12:33:29
ORD02193,EXPI,14,SELL,92,336.38,BUY,2024-02-14 14:04:20
ORD00537,CSCO,14,SELL,91,109.45,BUY,2024-12-17 15:32:27
ORD02860,LOMA,16,BUY,71,27.48,SELL,2024-11-06 14:32:26
ORD00126,AMZN,24,BUY,211,165.68,SELL,2024-06-10 15:23:38
ORD02134,OPEN,38,SELL,462,467.57,BUY,2024-03-25 12:57:48
ORD01255,HOOD,32,SELL,289,62.09,BUY,2024-07-02 10:53:36
ORD03292,SUZB,22,BUY,469,375.25,SELL,2024-02-05 14:27:31
ORD01977,FVRR,28,BUY,186,172.3,SELL,2024-04-05 13:38:16
ORD03259,BRKM,15,BUY,228,70.13,SELL,2024-09-05 11:15:19
ORD03078,CAAP,36,SELL,95,66.55,BUY,2024-10-11 15:59:06
ORD02076,WMT,21,BUY,398,137.32,SELL,2024-02-23 13:02:42
ORD00485,IBM,31,BUY,10,278.49,SELL,2024-09-11 13:05:25
ORD01655,DKNG,31,SELL,319,221.48,BUY,2024-07-10 10:50:54
ORD03852,RIOT,33,SELL,257,357.1,BUY,2024-01-22 14:53:31
ORD03680,CDE,34,BUY,483,439.29,SELL,2024-05-28 15:11:29
ORD03308,SUZB,7,SELL,467,420.59,BUY,2024-02-05 10:47:42
ORD03035,AGRO,34,SELL,392,92.52,BUY,2024-05-06 15:52:26
ORD03618,HL,37,SELL,171,123.44,BUY,2024-07-10 12:37:14
ORD01775,DUOL,23,BUY,87,341.49,SELL,2024-09-16 12:06:19
ORD02411,GRAB,36,SELL,10,63.81,BUY,2024-07-18 14:19:56
ORD03584,AG,12,SELL,317,138.1,BUY,2024-11-12 15:57:36
ORD00919,SPOT,26,SELL,422,188.48,BUY,2024-12-10 11:44:55
ORD01647,DKNG,7,SELL,314,203.21,BUY,2024-07-10 10:15:57
ORD01027,ROKU,32,BUY,89,253.79,SELL,2024-05-15 14:57:06
ORD01031,ROKU,11,BUY,64,257.93,SELL,2024-05-15 09:40:02
ORD00883,SPOT,30,SELL,430,192.2,BUY,2024-12-10 10:43:31
ORD01336,SOFI,38,SELL,159,422.47,BUY,2024-05-08 11:38:12
ORD02747,ARCO,22,SELL,257,513.77,BUY,2024-10-17 12:07:41
ORD02943,IRSA,26,BUY,244,50.04,SELL,2024-02-01 15:15:30
ORD02714,GLOB,40,BUY,53,49.75,SELL,2024-04-02 11:26:41
ORD00365,AMD,39,BUY,263,102.25,SELL,2024-04-24 12:43:58
ORD02126,OPEN,16,SELL,15,474.39,BUY,2024-03-25 15:38:38
ORD00028,AAPL,25,SELL,488,167.0,BUY,2024-08-27 14:40:16
ORD00474,ORCL,26,BUY,237,28.86,SELL,2024-07-10 13:58:17
ORD00526,CSCO,40,SELL,412,104.31,BUY,2024-12-17 11:32:05
ORD00726,UBER,16,BUY,370,461.24,SELL,2024-03-12 15:01:16
ORD00056,MSFT,23,SELL,136,14.87,BUY,2024-05-08 12:26:57
ORD00639,ADBE,9,BUY,128,145.5,SELL,2024-01-17 13:12:00
ORD00303,NFLX,28,SELL,415,283.28,BUY,2024-11-05 13:52:12
ORD02767,DESP,1,BUY,333,169.07,SELL,2024-08-08 10:02:28
ORD03469,GOLD,28,SELL,469,366.12,BUY,2024-05-07 13:24:42
ORD01277,HOOD,16,SELL,411,61.34,BUY,2024-07-02 13:16:49
ORD03504,AEM,6,SELL,357,282.34,BUY,2024-02-09 11:00:08
ORD00625,ADBE,35,BUY,404,148.75,SELL,2024-01-17 12:30:40
ORD02056,WMT,40,SELL,136,151.96,BUY,2024-02-23 10:00:43
ORD01281,AFRM,16,BUY,256,362.95,SELL,2024-04-02 14:09:09
ORD02852,LOMA,32,SELL,445,28.98,BUY,2024-11-06 10:42:36
ORD01050,ZM,21,SELL,291,311.82,BUY,2024-11-04 12:35:54
ORD00337,INTC,35,BUY,55,67.48,SELL,2024-07-29 13:36:58
ORD00048,MSFT,24,SELL,466,14.29,BUY,2024-05-08 13:24:00
ORD02879,LOMA,40,BUY,92,27.24,SELL,2024-11-06 13:55:40
ORD00107,GOOGL,2,BUY,487,495.94,SELL,2024-03-18 15:54:39
ORD02398,DASH,18,SELL,398,116.4,BUY,2024-12-25 09:50:24
ORD01080,ZM,36,BUY,428,294.51,SELL,2024-11-04 12:33:49
ORD02287,HOUS,17,BUY,473,218.92,SELL,2024-09-24 15:04:25
ORD02262,COMP,15,SELL,183,452.21,BUY,2024-10-14 12:06:50
ORD01145,PLTR,22,BUY,331,108.52,SELL,2024-10-08 10:09:39
ORD03162,ITUB,20,BUY,247,108.47,SELL,2024-03-29 15:47:28
ORD02297,HOUS,26,SELL,435,249.9,BUY,2024-09-24 11:23:53
ORD02842,LOMA,21,BUY,4,28.06,SELL,2024-11-06 14:14:10
ORD01837,UPST,28,BUY,54,418.48,SELL,2024-04-10 15:10:54
ORD01754,CHGG,32,SELL,496,302.19,BUY,2024-01-08 11:00:32
ORD01102,DOCU,4,BUY,495,51.91,SELL,2024-04-26 15:30:58
ORD01969,FVRR,1,BUY,337,163.34,SELL,2024-04-05 10:03:52
ORD03009,AGRO,4,BUY,168,91.63,SELL,2024-05-06 11:13:11
ORD03651,CDE,36,BUY,41,444.04,SELL,2024-05-28 13:42:59
ORD00524,CSCO,35,SELL,34,98.15,BUY,2024-12-17 10:28:14
ORD02281,HOUS,39,SELL,425,248.43,BUY,2024-09-24 10:32:40
ORD02693,GLOB,29,BUY,145,44.92,SELL,2024-04-02 15:01:52
ORD02886,CEPU,31,SELL,76,454.78,BUY,2024-09-13 12:46:38
ORD01429,RIVN,30,BUY,422,179.71,SELL,2024-06-26 15:01:43
ORD02582,NU,21,BUY,313,71.43,SELL,2024-09-06 12:53:26
ORD03468,GOLD,26,BUY,111,356.05,SELL,2024-05-07 15:26:07
ORD00604,ADBE,29,BUY,204,145.22,SELL,2024-01-17 11:22:15
ORD01490,XPEV,11,SELL,411,395.36,BUY,2024-08-02 13:51:50
ORD03110,VALE,11,BUY,480,106.29,SELL,2024-05-31 14:59:58
ORD03231,BBD,20,BUY,438,147.18,SELL,2024-03-22 09:41:50
ORD00061,MSFT,10,SELL,229,14.31,BUY,2024-05-08 12:53:06
ORD03659,CDE,1,SELL,190,497.73,BUY,2024-05-28 09:44:38
ORD00672,CRM,24,BUY,384,101.4,SELL,2024-06-10 15:05:53
ORD00093,GOOGL,13,BUY,410,434.59,SELL,2024-03-18 14:59:53
ORD00667,CRM,23,SELL,294,107.56,BUY,2024-06-10 13:22:35
ORD01888,ROOT,3,BUY,156,320.06,SELL,2024-08-27 15:40:51
ORD00281,NFLX,19,BUY,154,264.4,SELL,2024-11-05 10:50:06
ORD01720,PENN,25,BUY,181,127.41,SELL,2024-10-15 14:53:27
ORD03016,AGRO,24,SELL,343,100.38,BUY,2024-05-06 15:31:26
ORD00360,INTC,32,SELL,311,78.47,BUY,2024-07-29 15:44:31
ORD00900,SPOT,27,SELL,467,202.43,BUY,2024-12-10 14:13:58
ORD01936,PTON,36,SELL,60,54.54,BUY,2024-12-26 14:10:32
ORD01995,FVRR,38,BUY,242,160.6,SELL,2024-04-05 10:05:29
ORD03946,HUT,38,BUY,379,403.66,SELL,2024-12-04 11:56:11
ORD02896,CEPU,36,SELL,18,437.14,BUY,2024-09-13 14:56:52
ORD00761,LYFT,25,SELL,1,244.26,BUY,2024-09-02 15:56:38
ORD02159,OPEN,15,BUY,182,435.25,SELL,2024-03-25 11:49:23
ORD03488,AEM,8,BUY,491,282.32,SELL,2024-02-09 15:56:15
ORD00043,MSFT,17,BUY,470,13.33,SELL,2024-05-08 10:26:32
ORD02174,EXPI,40,SELL,180,361.94,BUY,2024-02-14 15:04:40
ORD00205,META,22,SELL,263,69.74,BUY,2024-03-04 15:05:18
ORD01474,NIO,28,BUY,2,112.77,SELL,2024-02-19 13:15:47
ORD02101,CVNA,40,SELL,340,326.07,BUY,2024-03-01 13:12:20
ORD02594,NU,5,SELL,411,78.73,BUY,2024-09-06 13:53:48
ORD00069,MSFT,35,SELL,200,13.89,BUY,2024-05-08 15:47:46
ORD01876,LMND,31,BUY,461,291.74,SELL,2024-04-02 14:50:49
ORD02833,VIST,16,BUY,388,299.47,SELL,2024-04-09 13:52:22
ORD03728,EXK,18,SELL,435,424.12,BUY,2024-06-14 10:46:38
ORD02232,RDFN,36,SELL,173,434.3,BUY,2024-10-30 13:51:22
ORD00138,AMZN,19,SELL,423,192.74,BUY,2024-06-10 09:59:43
ORD02948,IRSA,13,SELL,395,48.16,BUY,2024-02-01 14:08:00
ORD00797,LYFT,18,BUY,466,234.01,SELL,2024-09-02 09:35:49
ORD02181,EXPI,24,BUY,336,342.12,SELL,2024-02-14 13:36:05
ORD02129,OPEN,29,SELL,358,479.82,BUY,2024-03-25 15:06:15
ORD00759,UBER,11,SELL,198,531.39,BUY,2024-03-12 12:55:03
ORD00542,CSCO,1,BUY,146,94.33,SELL,2024-12-17 10:20:54
ORD01020,ROKU,10,SELL,284,252.25,BUY,2024-05-15 13:25:04
ORD03031,AGRO,19,BUY,121,96.43,SELL,2024-05-06 15:36:08
ORD00166,TSLA,36,BUY,202,147.18,SELL,2024-12-23 11:32:24
ORD00249,NVDA,11,SELL,378,96.29,BUY,2024-11-05 13:08:35
ORD01332,SOFI,31,SELL,43,405.17,BUY,2024-05-08 14:38:14
ORD02018,ETSY,13,BUY,118,289.05,SELL,2024-12-09 14:33:36
ORD00447,ORCL,20,BUY,419,28.74,SELL,2024-07-10 12:04:43
ORD02483,DIDI,10,SELL,441,543.23,BUY,2024-05-27 13:59:41
ORD02907,CEPU,10,BUY,147,432.53,SELL,2024-09-13 13:18:04
ORD01359,SOFI,2,SELL,296,398.03,BUY,2024-05-08 09:41:42
ORD02846,LOMA,30,SELL,223,27.13,BUY,2024-11-06 11:13:30
ORD02146,OPEN,8,SELL,8,479.32,BUY,2024-03-25 09:38:07
ORD01330,SOFI,3,BUY,409,393.58,SELL,2024-05-08 12:13:08
ORD03974,BITF,7,SELL,145,266.93,BUY,2024-04-15 14:51:54
ORD02786,DESP,36,BUY,426,187.75,SELL,2024-08-08 13:34:33
ORD03876,RIOT,7,BUY,146,332.22,SELL,2024-01-22 14:58:59
ORD02151,OPEN,34,BUY,344,430.61,SELL,2024-03-25 14:54:10
ORD00435,BABA,25,SELL,370,451.71,BUY,2024-01-30 10:50:05
ORD02123,OPEN,11,SELL,34,486.59,BUY,2024-03-25 11:57:44
ORD00578,QCOM,1,BUY,198,474.26,SELL,2024-01-25 13:45:58
ORD02901,CEPU,25,SELL,332,460.52,BUY,2024-09-13 12:44:46
ORD03167,ITUB,26,BUY,250,101.89,SELL,2024-03-29 10:12:57
ORD02967,BIOX,29,BUY,409,98.94,SELL,2024-05-08 11:32:36
ORD03822,MAG,8,SELL,22,79.93,BUY,2024-12-16 15:03:13
ORD03650,CDE,10,BUY,62,444.58,SELL,2024-05-28 10:55:53
ORD02449,SEA,22,SELL,176,337.35,BUY,2024-04-02 12:54:39
ORD01849,LMND,23,SELL,147,292.91,BUY,2024-04-02 13:14:55
ORD00763,LYFT,17,BUY,241,240.91,SELL,2024-09-02 13:43:00
ORD03038,AGRO,21,BUY,197,91.8,SELL,2024-05-06 10:21:37
ORD00389,AMD,15,SELL,26,107.03,BUY,2024-04-24 10:14:37
ORD00236,META,13,BUY,391,68.71,SELL,2024-03-04 14:01:08
ORD03466,GOLD,17,SELL,381,381.76,BUY,2024-05-07 11:23:45
ORD01985,FVRR,27,BUY,467,171.23,SELL,2024-04-05 14:30:13
ORD00268,NVDA,10,SELL,345,101.1,BUY,2024-11-05 12:30:09
ORD00771,LYFT,10,BUY,122,210.34,SELL,2024-09-02 11:15:51
ORD02166,EXPI,35,BUY,492,344.27,SELL,2024-02-14 10:59:58
ORD00438,BABA,40,SELL,369,438.07,BUY,2024-01-30 11:25:05
ORD00674,CRM,21,SELL,424,101.8,BUY,2024-06-10 12:01:32
ORD00250,NVDA,35,SELL,130,89.2,BUY,2024-11-05 09:33:38
ORD02202,RDFN,23,BUY,83,470.47,SELL,2024-10-30 15:52:16
ORD01575,BYND,36,BUY,415,377.86,SELL,2024-09-17 13:47:54
ORD02143,OPEN,1,SELL,416,463.35,BUY,2024-03-25 10:26:44
ORD02082,CVNA,16,SELL,204,291.99,BUY,2024-03-01 09:57:21
ORD03482,AEM,31,BUY,20,281.51,SELL,2024-02-09 15:51:40
ORD03416,BEEF,22,BUY,21,209.86,SELL,2024-10-30 09:59:50
ORD03810,MAG,34,SELL,98,78.85,BUY,2024-12-16 14:01:41
ORD00449,ORCL,36,SELL,478,29.09,BUY,2024-07-10 13:15:19
ORD01470,NIO,19,BUY,354,112.91,SELL,2024-02-19 13:49:21
ORD00717,PYPL,34,BUY,50,94.63,SELL,2024-01-25 10:11:35
ORD03177,ITUB,19,SELL,358,109.85,BUY,2024-03-29 14:24:40
ORD03478,GOLD,4,SELL,89,379.7,BUY,2024-05-07 10:44:09
ORD02049,WMT,11,SELL,495,152.59,BUY,2024-02-23 13:04:51
ORD01902,ROOT,24,BUY,38,327.08,SELL,2024-08-27 10:33:06
ORD03311,SUZB,19,SELL,233,452.29,BUY,2024-02-05 13:22:34
ORD01169,RBLX,1,SELL,426,100.04,BUY,2024-12-20 11:13:02
ORD00083,GOOGL,19,SELL,231,474.59,BUY,2024-03-18 12:06:51
ORD03207,BBD,25,BUY,459,161.73,SELL,2024-03-22 10:16:41
ORD02725,ARCO,13,BUY,100,446.35,SELL,2024-10-17 13:28:09
ORD03045,CAAP,38,SELL,297,67.29,BUY,2024-10-11 11:18:58
ORD01461,NIO,32,SELL,208,118.3,BUY,2024-02-19 11:47:07
ORD02819,VIST,10,SELL,247,333.94,BUY,2024-04-09 12:17:36
ORD01894,ROOT,2,BUY,120,327.57,SELL,2024-08-27 12:51:17
ORD01669,DKNG,22,SELL,2,200.86,BUY,2024-07-10 14:52:53
ORD02757,ARCO,18,BUY,429,457.19,SELL,2024-10-17 12:27:09
ORD02001,ETSY,2,BUY,428,302.68,SELL,2024-12-09 15:46:49
ORD00476,ORCL,35,SELL,340,29.77,BUY,2024-07-10 15:33:57
ORD00518,IBM,12,SELL,26,301.69,BUY,2024-09-11 15:53:13
ORD03586,AG,38,SELL,295,148.46,BUY,2024-11-12 12:32:59
ORD00405,BABA,28,BUY,398,381.29,SELL,2024-01-30 09:59:11
ORD00385,AMD,14,SELL,85,113.38,BUY,2024-04-24 10:57:39
ORD03219,BBD,5,BUY,257,147.79,SELL,2024-03-22 13:55:38
ORD02153,OPEN,27,SELL,16,436.62,BUY,2024-03-25 15:55:12
ORD01634,SPCE,31,BUY,471,265.38,SELL,2024-07-10 09:52:06
ORD03812,MAG,37,BUY,384,73.7,SELL,2024-12-16 10:17:26
ORD00689,PYPL,40,SELL,406,104.49,BUY,2024-01-25 09:55:17
ORD03232,BBD,1,SELL,495,153.16,BUY,2024-03-22 14:49:05
ORD02875,LOMA,20,SELL,271,28.58,BUY,2024-11-06 13:33:38
ORD01241,HOOD,12,SELL,462,55.81,BUY,2024-07-02 14:58:07
ORD00063,MSFT,31,BUY,112,13.65,SELL,2024-05-08 11:54:26
ORD00853,TWTR,10,BUY,370,385.12,SELL,2024-04-15 14:35:21
ORD03661,CDE,29,SELL,184,479.17,BUY,2024-05-28 12:48:07
ORD03283,SUZB,10,BUY,322,408.93,SELL,2024-02-05 10:04:50
ORD01263,HOOD,19,BUY,479,56.22,SELL,2024-07-02 10:14:49
ORD00224,META,33,BUY,378,73.79,SELL,2024-03-04 11:33:14
ORD02194,EXPI,11,SELL,297,334.14,BUY,2024-02-14 11:25:26
ORD00374,AMD,26,BUY,379,105.9,SELL,2024-04-24 15:41:51
ORD01825,UPST,14,SELL,296,419.6,BUY,2024-04-10 13:30:16
ORD03365,RENT,32,BUY,277,431.24,SELL,2024-12-19 13:27:33
ORD03825,MAG,30,BUY,99,84.41,SELL,2024-12-16 12:43:40
ORD03453,GOLD,13,BUY,327,357.95,SELL,2024-05-07 15:57:22
ORD03572,AG,16,SELL,395,140.78,BUY,2024-11-12 10:20:49
ORD02872,LOMA,12,SELL,264,30.7,BUY,2024-11-06 11:21:11
ORD00010,AAPL,20,SELL,76,169.97,BUY,2024-08-27 13:47:36
ORD02498,DIDI,18,SELL,475,540.56,BUY,2024-05-27 11:21:16
ORD01945,PTON,1,SELL,174,55.13,BUY,2024-12-26 11:57:44
ORD01839,UPST,8,SELL,6,474.03,BUY,2024-04-10 11:40:32
ORD00709,PYPL,31,SELL,455,99.03,BUY,2024-01-25 12:19:24
ORD00256,NVDA,29,BUY,30,96.47,SELL,2024-11-05 10:03:15
ORD02931,IRSA,34,BUY,58,45.69,SELL,2024-02-01 11:55:31
ORD01618,SPCE,24,SELL,450,265.14,BUY,2024-07-10 12:28:48
ORD00390,AMD,32,SELL,254,111.84,BUY,2024-04-24 11:57:45
ORD01582,BYND,10,SELL,500,377.45,BUY,2024-09-17 13:27:00
ORD02957,IRSA,35,SELL,82,47.74,BUY,2024-02-01 10:22:18
ORD00925,SHOP,3,BUY,193,161.23,SELL,2024-03-29 14:19:44
ORD03692,FSM,7,SELL,425,125.8,BUY,2024-09-23 11:19:28
ORD03138,PBR,5,BUY,365,268.27,SELL,2024-05-01 13:12:32
ORD02509,DIDI,39,BUY,471,476.4,SELL,2024-05-27 14:17:21
ORD02037,ETSY,18,SELL,2,294.72,BUY,2024-12-09 10:00:56
ORD03182,ITUB,37,BUY,356,110.84,SELL,2024-03-29 11:13:38
ORD01225,COIN,23,SELL,31,322.67,BUY,2024-09-23 15:37:53
ORD03007,AGRO,30,BUY,14,97.68,SELL,2024-05-06 10:35:00
ORD02550,MELI,32,BUY,386,73.66,SELL,2024-02-16 15:07:44
ORD01947,PTON,25,SELL,417,51.49,BUY,2024-12-26 15:09:27
ORD00740,UBER,38,SELL,20,520.43,BUY,2024-03-12 11:30:32
ORD00041,MSFT,2,BUY,223,13.26,SELL,2024-05-08 11:53:08
ORD00869,TWTR,7,BUY,424,371.99,SELL,2024-04-15 12:42:32
ORD02780,DESP,24,SELL,193,195.01,BUY,2024-08-08 15:14:14
ORD00540,CSCO,26,BUY,8,94.99,SELL,2024-12-17 09:44:52
ORD02746,ARCO,35,SELL,232,508.53,BUY,2024-10-17 14:25:01
ORD03331,MGLU,13,SELL,211,231.28,BUY,2024-12-31 10:48:49
ORD02724,ARCO,23,SELL,496,501.03,BUY,2024-10-17 12:58:08
ORD01372,LCID,35,BUY,378,239.34,SELL,2024-03-13 11:40:41
ORD01146,PLTR,18,SELL,66,111.21,BUY,2024-10-08 15:17:15
ORD01032,ROKU,29,SELL,231,261.57,BUY,2024-05-15 13:53:43
ORD00373,AMD,21,SELL,24,106.36,BUY,2024-04-24 13:30:59
ORD00668,CRM,18,SELL,371,110.06,BUY,2024-06-10 11:28:04
ORD03020,AGRO,3,SELL,313,95.4,BUY,2024-05-06 09:52:38
ORD00358,INTC,11,BUY,426,68.84,SELL,2024-07-29 12:45:03
ORD00968,SQ,10,BUY,333,22.98,SELL,2024-02-08 14:35:26
ORD02832,VIST,25,BUY,144,324.66,SELL,2024-04-09 14:03:05
ORD02784,DESP,30,SELL,248,198.04,BUY,2024-08-08 13:29:38
ORD01354,SOFI,34,BUY,405,410.43,SELL,2024-05-08 11:29:41
ORD01036,ROKU,1,BUY,249,264.48,SELL,2024-05-15 13:34:42
ORD03019,AGRO,25,BUY,478,85.71,SELL,2024-05-06 14:28:27
ORD00471,ORCL,37,SELL,341,32.87,BUY,2024-07-10 11:48:50
ORD03554,KGC,18,SELL,451,96.92,BUY,2024-02-19 15:23:36
ORD01397,LCID,7,BUY,312,252.26,SELL,2024-03-13 14:26:29
ORD03975,BITF,21,SELL,422,271.09,BUY,2024-04-15 15:48:35
ORD01550,LI,13,SELL,91,171.22,BUY,2024-10-30 11:02:26
ORD01257,HOOD,21,BUY,105,54.32,SELL,2024-07-02 10:29:18
ORD02095,CVNA,25,SELL,429,332.14,BUY,2024-03-01 13:51:16
ORD01556,LI,14,BUY,424,157.53,SELL,2024-10-30 10:12:47
ORD03439,BEEF,3,SELL,476,219.69,BUY,2024-10-30 11:20:26
ORD01251,HOOD,22,SELL,6,56.58,BUY,2024-07-02 11:05:18
ORD01700,PENN,38,BUY,142,144.28,SELL,2024-10-15 10:31:06
ORD01253,HOOD,8,BUY,43,59.8,SELL,2024-07-02 12:20:28
ORD03681,FSM,11,SELL,476,133.9,BUY,2024-09-23 11:47:50
ORD03705,FSM,29,BUY,320,121.29,SELL,2024-09-23 10:10:52
ORD02934,IRSA,15,SELL,70,46.17,BUY,2024-02-01 09:54:33
ORD00080,MSFT,28,BUY,138,13.42,SELL,2024-05-08 14:23:16
ORD01173,RBLX,13,BUY,335,94.68,SELL,2024-12-20 13:58:50
ORD00815,SNAP,9,SELL,433,400.33,BUY,2024-01-09 11:23:19
ORD01853,LMND,3,SELL,443,312.87,BUY,2024-04-02 12:03:24
ORD02221,RDFN,40,BUY,217,428.05,SELL,2024-10-30 15:52:21
ORD02720,GLOB,34,BUY,32,45.24,SELL,2024-04-02 12:11:19
ORD03495,AEM,38,SELL,450,286.77,BUY,2024-02-09 15:41:05
ORD02106,CVNA,24,SELL,13,297.57,BUY,2024-03-01 15:20:46
ORD00134,AMZN,20,BUY,188,167.17,SELL,2024-06-10 10:31:36
ORD01141,PLTR,35,BUY,403,115.46,SELL,2024-10-08 12:33:12
ORD00934,SHOP,21,SELL,218,155.25,BUY,2024-03-29 10:27:18
ORD00929,SHOP,16,SELL,50,174.26,BUY,2024-03-29 13:37:13
ORD00824,SNAP,25,SELL,183,392.45,BUY,2024-01-09 10:32:39
ORD01532,LI,18,BUY,374,162.84,SELL,2024-10-30 11:28:43
ORD01215,COIN,28,BUY,260,304.23,SELL,2024-09-23 13:02:15
ORD00505,IBM,37,SELL,82,291.77,BUY,2024-09-11 14:45:47
ORD03952,HUT,37,SELL,258,386.67,BUY,2024-12-04 14:39:13
ORD02396,DASH,4,SELL,140,120.55,BUY,2024-12-25 10:35:03
ORD01997,FVRR,4,SELL,285,175.31,BUY,2024-04-05 15:41:28
ORD02435,GRAB,28,SELL,273,60.95,BUY,2024-07-18 10:47:06
ORD03073,CAAP,28,SELL,251,63.68,BUY,2024-10-11 13:56:54
ORD01959,PTON,40,SELL,335,48.08,BUY,2024-12-26 15:50:27
ORD01385,LCID,21,SELL,466,236.11,BUY,2024-03-13 13:39:09
ORD00895,SPOT,6,SELL,427,215.98,BUY,2024-12-10 14:53:08
ORD00829,SNAP,15,SELL,285,443.02,BUY,2024-01-09 13:41:56
ORD03940,HUT,28,SELL,24,420.6,BUY,2024-12-04 09:45:09
ORD02524,MELI,12,BUY,240,73.16,SELL,2024-02-16 12:19:49
ORD01684,PENN,27,BUY,480,141.66,SELL,2024-10-15 10:38:29
ORD03423,BEEF,20,BUY,46,217.04,SELL,2024-10-30 14:09:59
ORD03686,FSM,17,BUY,213,122.56,SELL,2024-09-23 09:45:07
ORD03335,MGLU,29,SELL,229,256.46,BUY,2024-12-31 15:16:16
ORD00653,CRM,6,SELL,41,110.98,BUY,2024-06-10 09:31:44
ORD00173,TSLA,20,BUY,203,149.21,SELL,2024-12-23 11:55:38
ORD03198,ITUB,33,BUY,301,107.49,SELL,2024-03-29 15:44:08
ORD00039,AAPL,11,SELL,176,180.61,BUY,2024-08-27 10:48:36
ORD03815,MAG,32,SELL,284,87.83,BUY,2024-12-16 12:45:30
ORD00714,PYPL,14,SELL,258,95.41,BUY,2024-01-25 14:50:54
ORD00091,GOOGL,16,SELL,229,482.35,BUY,2024-03-18 11:51:14
ORD03936,HUT,1,SELL,370,395.89,BUY,2024-12-04 14:19:01
ORD01206,COIN,27,SELL,220,341.21,BUY,2024-09-23 13:10:08
ORD02924,IRSA,17,BUY,2,45.27,SELL,2024-02-01 11:47:39
ORD03280,BRKM,27,SELL,441,72.43,BUY,2024-09-05 15:30:30
ORD03435,BEEF,15,BUY,21,209.32,SELL,2024-10-30 10:21:15
ORD03142,PBR,27,SELL,463,286.1,BUY,2024-05-01 12:26:15
ORD01828,UPST,7,SELL,312,473.77,BUY,2024-04-10 14:30:45
ORD01156,PLTR,36,SELL,187,116.87,BUY,2024-10-08 15:41:51
ORD01325,SOFI,12,SELL,1,400.59,BUY,2024-05-08 11:38:32
ORD00217,META,31,SELL,335,70.69,BUY,2024-03-04 13:18:13
ORD00511,IBM,2,BUY,75,287.81,SELL,2024-09-11 10:57:24
ORD01681,PENN,37,BUY,388,131.13,SELL,2024-10-15 14:09:02
ORD00500,IBM,24,SELL,253,278.94,BUY,2024-09-11 15:20:27
ORD03287,SUZB,34,BUY,452,433.03,SELL,2024-02-05 10:19:34
ORD01857,LMND,21,BUY,88,282.37,SELL,2024-04-02 11:44:32
ORD01389,LCID,13,BUY,294,243.5,SELL,2024-03-13 09:52:13
ORD01520,XPEV,4,SELL,283,378.66,BUY,2024-08-02 15:45:50
ORD02387,DASH,11,BUY,437,120.73,SELL,2024-12-25 11:49:46
ORD03622,HL,29,SELL,478,108.77,BUY,2024-07-10 14:50:36
ORD02077,WMT,3,SELL,371,149.4,BUY,2024-02-23 15:00:08
ORD01541,LI,28,SELL,220,176.89,BUY,2024-10-30 12:53:33
ORD01218,COIN,10,BUY,430,320.17,SELL,2024-09-23 13:57:02
ORD02682,GLOB,23,BUY,372,48.98,SELL,2024-04-02 10:02:12
ORD03819,MAG,33,SELL,1,82.36,BUY,2024-12-16 14:43:45
ORD02994,BIOX,33,BUY,230,100.63,SELL,2024-05-08 10:10:01
ORD01417,RIVN,10,SELL,487,191.23,BUY,2024-06-26 12:51:13
ORD02218,RDFN,34,BUY,434,465.64,SELL,2024-10-30 10:15:25
ORD03892,MARA,16,SELL,390,137.68,BUY,2024-10-07 13:49:43
ORD01677,DKNG,9,BUY,218,203.06,SELL,2024-07-10 11:43:29
ORD01198,RBLX,9,BUY,244,88.07,SELL,2024-12-20 11:23:18
ORD01543,LI,31,BUY,300,150.91,SELL,2024-10-30 13:22:10
ORD02961,BIOX,25,BUY,400,101.49,SELL,2024-05-08 10:09:14
ORD02540,MELI,14,SELL,380,75.95,BUY,2024-02-16 11:17:40
ORD00954,SHOP,17,SELL,146,154.32,BUY,2024-03-29 09:41:02
ORD03146,PBR,21,BUY,476,275.42,SELL,2024-05-01 12:08:37
ORD03081,VALE,37,SELL,175,122.34,BUY,2024-05-31 13:16:10
ORD02636,STNE,38,SELL,424,340.87,BUY,2024-10-31 13:30:26
ORD00751,UBER,29,SELL,55,468.49,BUY,2024-03-12 10:47:03
ORD02706,GLOB,30,BUY,456,46.57,SELL,2024-04-02 14:54:49
ORD00235,META,16,BUY,70,72.3,SELL,2024-03-04 13:16:22
ORD00733,UBER,23,BUY,179,458.34,SELL,2024-03-12 11:31:28
ORD03989,BITF,38,BUY,229,270.99,SELL,2024-04-15 11:32:52
ORD03607,HL,23,SELL,227,113.12,BUY,2024-07-10 12:05:02
ORD01157,PLTR,27,SELL,457,119.12,BUY,2024-10-08 10:55:06
ORD03450,GOLD,12,SELL,76,389.07,BUY,2024-05-07 15:04:01
ORD02446,SEA,24,BUY,429,324.43,SELL,2024-04-02 13:32:14
ORD02983,BIOX,17,BUY,118,104.4,SELL,2024-05-08 14:06:16
ORD01210,COIN,13,BUY,142,319.08,SELL,2024-09-23 09:41:08
ORD01066,ZM,8,BUY,1,293.25,SELL,2024-11-04 11:16:30
ORD02157,OPEN,5,BUY,22,436.78,SELL,2024-03-25 15:18:06
ORD01063,ZM,2,SELL,187,313.84,BUY,2024-11-04 11:09:35
ORD02617,STNE,19,BUY,24,345.79,SELL,2024-10-31 13:16:38
ORD01168,RBLX,28,SELL,292,101.17,BUY,2024-12-20 10:19:48
ORD03223,BBD,2,SELL,496,159.8,BUY,2024-03-22 10:59:28
ORD01493,XPEV,33,SELL,242,394.12,BUY,2024-08-02 13:31:00
ORD02939,IRSA,37,SELL,214,47.67,BUY,2024-02-01 15:26:06
ORD02996,BIOX,35,SELL,364,99.29,BUY,2024-05-08 12:22:49
ORD03097,VALE,9,SELL,113,123.63,BUY,2024-05-31 10:25:06
ORD03281,SUZB,17,SELL,178,420.02,BUY,2024-02-05 14:19:14
ORD03543,KGC,9,SELL,66,99.02,BUY,2024-02-19 13:12:53
ORD03141,PBR,4,SELL,76,283.04,BUY,2024-05-01 15:13:14
ORD00885,SPOT,4,BUY,185,203.3,SELL,2024-12-10 12:15:46
ORD00144,AMZN,21,SELL,10,178.29,BUY,2024-06-10 10:53:23
ORD03922,HUT,39,BUY,461,362.7,SELL,2024-12-04 11:50:10
ORD00851,TWTR,15,BUY,130,345.11,SELL,2024-04-15 14:20:13
ORD02783,DESP,5,SELL,357,172.76,BUY,2024-08-08 11:49:00
ORD00718,PYPL,20,BUY,226,103.17,SELL,2024-01-25 10:49:53
ORD03788,GPL,36,BUY,445,73.93,SELL,2024-11-20 10:08:21
ORD02503,DIDI,20,BUY,392,454.48,SELL,2024-05-27 12:34:57
ORD00265,NVDA,9,BUY,355,92.66,SELL,2024-11-05 15:14:21
ORD00076,MSFT,14,SELL,482,14.52,BUY,2024-05-08 09:33:18
ORD02493,DIDI,9,BUY,231,456.04,SELL,2024-05-27 13:38:43
ORD00396,AMD,27,BUY,30,104.42,SELL,2024-04-24 15:47:50
ORD03382,RENT,27,SELL,228,411.22,BUY,2024-12-19 14:21:36
ORD02225,RDFN,35,BUY,234,434.89,SELL,2024-10-30 11:55:58
ORD03091,VALE,39,BUY,104,104.37,SELL,2024-05-31 15:14:27
ORD03727,EXK,40,BUY,127,404.42,SELL,2024-06-14 12:42:12
ORD00397,AMD,8,SELL,237,110.09,BUY,2024-04-24 10:20:41
ORD01366,LCID,8,BUY,135,239.38,SELL,2024-03-13 12:09:03
ORD03316,SUZB,39,BUY,428,381.32,SELL,2024-02-05 15:29:22
ORD01904,ROOT,4,SELL,50,336.83,BUY,2024-08-27 14:43:52
ORD00596,QCOM,6,BUY,380,489.8,SELL,2024-01-25 11:40:56
ORD02110,CVNA,4,BUY,87,293.2,SELL,2024-03-01 12:16:32
ORD01297,AFRM,14,SELL,337,402.98,BUY,2024-04-02 10:28:26
ORD01822,UPST,27,BUY,212,430.78,SELL,2024-04-10 15:35:55
ORD00873,TWTR,14,BUY,256,384.36,SELL,2024-04-15 14:53:09
ORD03448,GOLD,5,BUY,270,363.95,SELL,2024-05-07 13:05:05
ORD03877,RIOT,9,SELL,124,371.71,BUY,2024-01-22 11:57:49
ORD02327,ABNB,9,SELL,380,443.78,BUY,2024-11-06 12:39:05
ORD01549,LI,29,SELL,27,170.59,BUY,2024-10-30 14:51:06
ORD00037,AAPL,34,BUY,94,167.57,SELL,2024-08-27 13:09:15
ORD03476,GOLD,8,BUY,78,374.38,SELL,2024-05-07 11:57:05
ORD02711,GLOB,25,SELL,163,47.67,BUY,2024-04-02 14:52:43
ORD03353,MGLU,6,SELL,80,236.88,BUY,2024-12-31 13:56:42
ORD02144,OPEN,3,BUY,474,416.6,SELL,2024-03-25 11:07:16
ORD03532,KGC,20,BUY,476,91.94,SELL,2024-02-19 12:59:05
ORD00978,SQ,20,SELL,455,24.6,BUY,2024-02-08 10:55:51
ORD01572,BYND,24,SELL,435,389.55,BUY,2024-09-17 11:23:34
ORD01123,PLTR,32,BUY,313,103.75,SELL,2024-10-08 10:15:00
ORD02787,DESP,3,SELL,399,192.97,BUY,2024-08-08 15:44:55
ORD02240,RDFN,1,BUY,469,458.92,SELL,2024-10-30 13:45:43
ORD02968,BIOX,28,BUY,308,105.26,SELL,2024-05-08 15:37:56
ORD02505,DIDI,26,BUY,254,498.15,SELL,2024-05-27 15:07:38
ORD01893,ROOT,28,SELL,148,344.04,BUY,2024-08-27 15:03:24
ORD00676,CRM,26,SELL,333,112.19,BUY,2024-06-10 11:17:46
ORD02809,VIST,22,SELL,76,342.25,BUY,2024-04-09 12:50:22
ORD03069,CAAP,37,BUY,492,60.66,SELL,2024-10-11 11:12:43
ORD00729,UBER,14,SELL,251,512.57,BUY,2024-03-12 10:13:49
ORD00413,BABA,9,BUY,490,436.03,SELL,2024-01-30 10:20:42
ORD03147,PBR,1,SELL,392,301.79,BUY,2024-05-01 15:48:11
ORD01517,XPEV,24,SELL,231,397.47,BUY,2024-08-02 14:08:47
ORD01650,DKNG,27,BUY,22,212.46,SELL,2024-07-10 15:16:06
ORD00826,SNAP,34,BUY,304,414.39,SELL,2024-01-09 13:46:10
ORD03268,BRKM,10,SELL,72,74.99,BUY,2024-09-05 14:25:49
ORD00617,ADBE,12,BUY,262,149.24,SELL,2024-01-17 13:41:05
ORD00115,GOOGL,10,SELL,341,505.25,BUY,2024-03-18 10:02:05
ORD00418,BABA,2,BUY,371,393.45,SELL,2024-01-30 11:30:13
ORD03070,CAAP,6,SELL,16,64.37,BUY,2024-10-11 09:53:51
ORD01626,SPCE,35,SELL,111,262.13,BUY,2024-07-10 12:27:44
ORD03018,AGRO,10,SELL,357,93.3,BUY,2024-05-06 13:55:23
ORD02653,PAGS,34,SELL,105,73.49,BUY,2024-01-02 15:42:25
ORD03917,MARA,13,BUY,248,135.45,SELL,2024-10-07 14:59:58
ORD00090,GOOGL,24,BUY,168,474.02,SELL,2024-03-18 10:31:22
ORD02897,CEPU,13,SELL,17,465.11,BUY,2024-09-13 14:57:13
ORD03481,AEM,24,SELL,125,270.27,BUY,2024-02-09 12:23:45
ORD02083,CVNA,13,SELL,469,311.11,BUY,2024-03-01 13:09:12
ORD00754,UBER,20,SELL,361,508.96,BUY,2024-03-12 12:00:56
ORD02547,MELI,26,SELL,322,72.17,BUY,2024-02-16 11:57:25
ORD03325,MGLU,2,SELL,58,260.86,BUY,2024-12-31 09:39:48
ORD01631,SPCE,22,BUY,193,243.13,SELL,2024-07-10 15:19:17
ORD00012,AAPL,36,SELL,207,166.99,BUY,2024-08-27 09:57:53
ORD02445,SEA,21,BUY,95,356.57,SELL,2024-04-02 14:08:56
ORD00285,NFLX,7,SELL,370,279.37,BUY,2024-11-05 13:54:07
ORD01067,ZM,40,BUY,414,286.6,SELL,2024-11-04 12:40:48
ORD01192,RBLX,3,SELL,354,94.32,BUY,2024-12-20 12:37:21
ORD01441,NIO,1,SELL,238,114.94,BUY,2024-02-19 09:51:11
ORD03982,BITF,6,BUY,457,270.37,SELL,2024-04-15 15:45:04
ORD03731,EXK,32,BUY,146,395.54,SELL,2024-06-14 12:46:58
ORD02739,ARCO,7,SELL,361,455.91,BUY,2024-10-17 12:53:01
ORD03606,HL,35,SELL,403,119.8,BUY,2024-07-10 15:47:30
ORD01569,BYND,5,BUY,38,368.0,SELL,2024-09-17 09:50:41
ORD02428,GRAB,14,BUY,273,56.44,SELL,2024-07-18 09:55:36
ORD02738,ARCO,29,SELL,215,462.12,BUY,2024-10-17 11:04:09
ORD03484,AEM,23,SELL,394,271.75,BUY,2024-02-09 15:58:57
ORD01688,PENN,17,SELL,433,140.22,BUY,2024-10-15 11:07:53
ORD00852,TWTR,34,SELL,128,361.19,BUY,2024-04-15 14:44:54
ORD02208,RDFN,21,BUY,468,442.02,SELL,2024-10-30 10:02:00
ORD00896,SPOT,5,BUY,76,180.51,SELL,2024-12-10 13:22:27
ORD00497,IBM,13,BUY,457,269.08,SELL,2024-09-11 09:48:36
ORD02306,HOUS,27,SELL,108,230.81,BUY,2024-09-24 09:42:18
ORD01783,DUOL,3,SELL,403,330.36,BUY,2024-09-16 15:30:14
ORD00336,INTC,40,BUY,398,75.05,SELL,2024-07-29 13:22:34
ORD02840,VIST,27,SELL,80,312.0,BUY,2024-04-09 10:36:31
ORD03088,VALE,20,SELL,343,124.3,BUY,2024-05-31 13:27:16
ORD00516,IBM,25,BUY,132,284.77,SELL,2024-09-11 11:09:41
ORD01349,SOFI,18,SELL,345,398.69,BUY,2024-05-08 10:28:19
ORD01016,ROKU,31,SELL,103,272.16,BUY,2024-05-15 12:57:54
ORD02817,VIST,34,BUY,70,321.95,SELL,2024-04-09 14:50:34
ORD03745,EXK,33,BUY,357,393.6,SELL,2024-06-14 12:18:32
ORD03738,EXK,30,SELL,430,388.03,BUY,2024-06-14 11:11:42
ORD02810,VIST,39,BUY,21,295.25,SELL,2024-04-09 12:23:42
ORD03295,SUZB,18,BUY,311,372.54,SELL,2024-02-05 12:15:50
ORD03252,BRKM,40,SELL,59,73.75,BUY,2024-09-05 15:28:13
ORD03771,GPL,30,BUY,430,69.28,SELL,2024-11-20 14:36:29
ORD03984,BITF,19,BUY,368,249.71,SELL,2024-04-15 11:17:02
ORD01782,DUOL,14,SELL,396,333.46,BUY,2024-09-16 10:55:26
ORD02570,NU,13,SELL,173,69.43,BUY,2024-09-06 12:31:02
ORD01786,DUOL,36,BUY,374,333.99,SELL,2024-09-16 13:49:22
ORD02071,WMT,32,BUY,37,157.77,SELL,2024-02-23 14:58:48
ORD00357,INTC,16,BUY,93,74.78,SELL,2024-07-29 10:36:27
ORD03802,MAG,28,BUY,229,81.35,SELL,2024-12-16 11:28:39
ORD03326,MGLU,10,BUY,96,251.92,SELL,2024-12-31 12:33:37
ORD01313,AFRM,38,SELL,30,433.01,BUY,2024-04-02 12:01:26
ORD01636,SPCE,4,BUY,136,242.46,SELL,2024-07-10 10:05:09
ORD00551,CSCO,23,BUY,290,92.59,SELL,2024-12-17 14:22:17
ORD02389,DASH,8,SELL,331,112.78,BUY,2024-12-25 15:34:04
ORD02480,SEA,28,SELL,86,363.69,BUY,2024-04-02 12:10:19
ORD02522,MELI,4,SELL,356,70.4,BUY,2024-02-16 09:59:58
ORD02266,COMP,14,BUY,93,451.83,SELL,2024-10-14 09:59:18
ORD02960,IRSA,11,BUY,350,47.2,SELL,2024-02-01 12:11:13
ORD01228,COIN,9,BUY,318,291.77,SELL,2024-09-23 14:16:58
ORD03567,AG,11,SELL,331,143.23,BUY,2024-11-12 13:11:42
ORD03060,CAAP,8,BUY,474,58.55,SELL,2024-10-11 10:27:48
ORD00958,SHOP,25,SELL,460,155.95,BUY,2024-03-29 12:12:04
ORD01774,DUOL,32,SELL,497,319.34,BUY,2024-09-16 13:18:51
ORD02142,OPEN,39,SELL,55,474.1,BUY,2024-03-25 13:42:28
ORD01009,ROKU,4,BUY,327,261.79,SELL,2024-05-15 13:26:57
ORD03119,VALE,27,SELL,145,123.49,BUY,2024-05-31 13:16:56
ORD01093,DOCU,26,BUY,104,53.7,SELL,2024-04-26 11:39:36
ORD03558,KGC,27,BUY,320,91.32,SELL,2024-02-19 11:45:55
ORD03357,MGLU,16,BUY,142,241.23,SELL,2024-12-31 10:11:57
ORD02745,ARCO,33,BUY,351,476.1,SELL,2024-10-17 14:36:11
ORD03789,GPL,24,BUY,133,68.39,SELL,2024-11-20 14:22:08
ORD00997,SQ,27,SELL,107,25.93,BUY,2024-02-08 12:56:51
ORD01680,DKNG,15,BUY,57,208.61,SELL,2024-07-10 15:41:11
ORD00154,AMZN,26,BUY,250,174.93,SELL,2024-06-10 10:47:28
ORD03148,PBR,9,BUY,370,290.2,SELL,2024-05-01 12:39:44
ORD03708,FSM,2,SELL,465,126.93,BUY,2024-09-23 11:59:15
ORD02909,CEPU,6,SELL,318,455.45,BUY,2024-09-13 13:47:48
ORD02838,VIST,37,SELL,108,312.82,BUY,2024-04-09 11:06:29
ORD00581,QCOM,16,SELL,496,496.73,BUY,2024-01-25 13:47:39
ORD01471,NIO,35,BUY,167,107.55,SELL,2024-02-19 10:50:19
ORD00704,PYPL,18,BUY,450,95.91,SELL,2024-01-25 10:30:23
ORD01213,COIN,19,SELL,461,317.44,BUY,2024-09-23 12:04:47
ORD03344,MGLU,35,SELL,492,236.83,BUY,2024-12-31 10:23:23
ORD00897,SPOT,12,BUY,254,185.71,SELL,2024-12-10 13:54:23
ORD03309,SUZB,15,BUY,407,418.92,SELL,2024-02-05 10:19:49
ORD00488,IBM,16,SELL,161,288.25,BUY,2024-09-11 10:05:50
ORD00560,CSCO,4,SELL,279,100.14,BUY,2024-12-17 12:45:29
ORD01142,PLTR,31,BUY,263,112.42,SELL,2024-10-08 11:41:01
ORD01120,DOCU,38,SELL,49,57.12,BUY,2024-04-26 15:51:49
ORD02850,LOMA,27,SELL,158,30.07,BUY,2024-11-06 12:53:17
ORD00513,IBM,26,SELL,4,297.47,BUY,2024-09-11 10:41:46
ORD00634,ADBE,5,SELL,171,158.24,BUY,2024-01-17 09:34:38
ORD03434,BEEF,19,BUY,148,203.44,SELL,2024-10-30 14:35:43
ORD01665,DKNG,20,BUY,194,200.68,SELL,2024-07-10 10:50:58
ORD01013,ROKU,17,BUY,299,236.87,SELL,2024-05-15 12:26:21
ORD01932,PTON,21,BUY,101,46.94,SELL,2024-12-26 10:31:38
ORD01151,PLTR,33,BUY,332,112.71,SELL,2024-10-08 10:22:07
ORD02839,VIST,40,SELL,399,317.11,BUY,2024-04-09 11:58:05
ORD03740,EXK,35,BUY,69,402.4,SELL,2024-06-14 15:39:11
ORD00117,GOOGL,36,SELL,211,515.36,BUY,2024-03-18 15:25:55
ORD00741,UBER,15,BUY,57,479.68,SELL,2024-03-12 11:32:08
ORD03677,CDE,4,BUY,424,475.98,SELL,2024-05-28 15:19:14
ORD01975,FVRR,16,BUY,100,160.89,SELL,2024-04-05 11:51:11
ORD01082,DOCU,24,SELL,59,57.82,BUY,2024-04-26 14:22:13
ORD01811,UPST,36,SELL,205,461.4,BUY,2024-04-10 09:45:17
ORD00831,SNAP,37,BUY,419,377.15,SELL,2024-01-09 10:15:25
ORD00120,GOOGL,14,SELL,85,462.71,BUY,2024-03-18 14:00:30
ORD00657,CRM,10,SELL,219,112.63,BUY,2024-06-10 10:04:08
ORD03635,HL,16,BUY,230,102.9,SELL,2024-07-10 12:34:11
ORD03693,FSM,34,BUY,58,123.72,SELL,2024-09-23 14:19:48
ORD03906,MARA,32,BUY,284,124.08,SELL,2024-10-07 14:00:17
ORD00636,ADBE,1,BUY,210,134.43,SELL,2024-01-17 13:37:16
ORD00370,AMD,31,SELL,159,116.94,BUY,2024-04-24 09:50:53
ORD00269,NVDA,20,SELL,175,101.6,BUY,2024-11-05 12:59:53
ORD02704,GLOB,24,SELL,425,50.48,BUY,2024-04-02 09:56:55
ORD02984,BIOX,6,BUY,380,97.0,SELL,2024-05-08 10:59:49
ORD02871,LOMA,31,BUY,480,28.37,SELL,2024-11-06 10:47:58
ORD02915,CEPU,22,SELL,185,450.25,BUY,2024-09-13 13:42:12
ORD00047,MSFT,38,BUY,169,12.77,SELL,2024-05-08 13:57:45
ORD03422,BEEF,14,BUY,332,227.91,SELL,2024-10-30 14:52:19
ORD03698,FSM,20,SELL,362,125.69,BUY,2024-09-23 12:11:46
ORD00992,SQ,16,SELL,172,26.13,BUY,2024-02-08 15:35:46
ORD00877,TWTR,16,SELL,267,379.34,BUY,2024-04-15 10:15:35
ORD00774,LYFT,33,SELL,191,227.81,BUY,2024-09-02 13:43:11
ORD01220,COIN,39,SELL,74,333.81,BUY,2024-09-23 11:07:07
ORD01127,PLTR,38,SELL,445,114.5,BUY,2024-10-08 13:22:07
ORD00005,AAPL,14,BUY,439,160.66,SELL,2024-08-27 14:59:23
ORD03052,CAAP,22,SELL,26,64.12,BUY,2024-10-11 12:28:40
ORD01596,BYND,14,SELL,245,395.67,BUY,2024-09-17 10:27:30
ORD03125,PBR,37,SELL,63,299.82,BUY,2024-05-01 10:49:09
ORD02312,HOUS,24,SELL,180,230.24,BUY,2024-09-24 09:36:12
ORD03041,CAAP,9,BUY,392,58.65,SELL,2024-10-11 13:04:10
ORD03828,MAG,39,SELL,408,82.6,BUY,2024-12-16 15:08:31
ORD02492,DIDI,37,SELL,458,485.12,BUY,2024-05-27 15:55:51
ORD03051,CAAP,11,BUY,34,64.06,SELL,2024-10-11 14:44:43
ORD01078,ZM,35,BUY,264,267.54,SELL,2024-11-04 14:34:24
ORD00838,SNAP,20,SELL,495,418.45,BUY,2024-01-09 12:17:11
ORD00682,PYPL,26,BUY,394,91.03,SELL,2024-01-25 11:28:34
ORD01716,PENN,10,SELL,157,144.57,BUY,2024-10-15 09:54:33
ORD02353,ABNB,16,BUY,257,443.01,SELL,2024-11-06 15:34:32
ORD03414,BEEF,40,SELL,351,229.93,BUY,2024-10-30 15:26:42
ORD02618,STNE,26,BUY,89,321.58,SELL,2024-10-31 15:55:44
ORD02362,DASH,34,BUY,265,113.25,SELL,2024-12-25 09:48:56
ORD02198,EXPI,19,SELL,396,359.09,BUY,2024-02-14 12:44:54
ORD01149,PLTR,30,SELL,351,123.66,BUY,2024-10-08 12:20:20
ORD03262,BRKM,32,BUY,375,66.27,SELL,2024-09-05 14:28:48
ORD00575,QCOM,7,SELL,370,465.81,BUY,2024-01-25 15:16:46
ORD00051,MSFT,21,BUY,327,13.48,SELL,2024-05-08 10:42:45
ORD00854,TWTR,22,SELL,7,379.92,BUY,2024-04-15 12:13:37
ORD01983,FVRR,11,BUY,409,179.96,SELL,2024-04-05 11:28:13
ORD02775,DESP,34,SELL,207,178.81,BUY,2024-08-08 14:27:03
ORD01824,UPST,31,SELL,420,423.38,BUY,2024-04-10 14:59:47
ORD00834,SNAP,4,BUY,221,404.16,SELL,2024-01-09 10:08:19
ORD03426,BEEF,6,BUY,484,211.79,SELL,2024-10-30 13:31:05
ORD01116,DOCU,31,SELL,220,53.67,BUY,2024-04-26 10:59:29
ORD01167,RBLX,32,SELL,143,91.44,BUY,2024-12-20 09:39:53
ORD02519,DIDI,36,BUY,467,510.35,SELL,2024-05-27 11:06:24
ORD01907,ROOT,7,SELL,31,331.99,BUY,2024-08-27 14:21:22
ORD00972,SQ,1,BUY,476,26.13,SELL,2024-02-08 14:52:19
ORD02702,GLOB,13,BUY,458,47.18,SELL,2024-04-02 09:35:49
ORD00400,AMD,1,BUY,185,102.88,SELL,2024-04-24 09:46:36
ORD02560,MELI,27,SELL,120,75.89,BUY,2024-02-16 14:58:08
ORD02369,DASH,17,SELL,168,129.53,BUY,2024-12-25 11:21:34
ORD00020,AAPL,17,BUY,192,160.11,SELL,2024-08-27 13:57:49
ORD00685,PYPL,11,SELL,461,105.08,BUY,2024-01-25 15:52:41
ORD00036,AAPL,22,SELL,105,164.3,BUY,2024-08-27 12:45:06
ORD02951,IRSA,5,SELL,382,49.1,BUY,2024-02-01 14:20:00
ORD03994,BITF,1,SELL,447,296.13,BUY,2024-04-15 13:44:13
ORD02876,LOMA,5,BUY,234,25.88,SELL,2024-11-06 15:06:53
ORD00525,CSCO,6,BUY,258,96.03,SELL,2024-12-17 11:04:25
ORD02456,SEA,26,BUY,252,326.13,SELL,2024-04-02 13:04:40
ORD00921,SHOP,29,BUY,253,151.04,SELL,2024-03-29 15:59:35
ORD01842,LMND,8,SELL,75,315.95,BUY,2024-04-02 10:02:40
ORD01891,ROOT,35,SELL,153,316.84,BUY,2024-08-27 12:23:05
ORD00538,CSCO,16,BUY,55,101.29,SELL,2024-12-17 10:12:16
ORD02807,VIST,9,BUY,50,330.3,SELL,2024-04-09 10:05:11
ORD01706,PENN,31,SELL,438,140.98,BUY,2024-10-15 11:18:44
ORD03903,MARA,10,SELL,442,124.69,BUY,2024-10-07 15:36:32
ORD03111,VALE,4,SELL,415,113.33,BUY,2024-05-31 12:45:17
ORD03248,BRKM,5,BUY,68,73.81,SELL,2024-09-05 12:18:42
ORD00246,NVDA,24,BUY,379,90.15,SELL,2024-11-05 13:30:38
ORD03465,GOLD,39,SELL,133,389.29,BUY,2024-05-07 10:47:19
ORD03176,ITUB,5,BUY,403,97.07,SELL,2024-03-29 14:41:58
ORD00785,LYFT,28,SELL,248,234.41,BUY,2024-09-02 10:51:53
ORD01410,RIVN,8,BUY,302,194.03,SELL,2024-06-26 11:42:27
ORD02538,MELI,5,SELL,98,74.0,BUY,2024-02-16 14:24:35
ORD00155,AMZN,2,SELL,280,190.86,BUY,2024-06-10 14:47:29
ORD03010,AGRO,13,SELL,334,97.56,BUY,2024-05-06 11:18:08
ORD01687,PENN,32,BUY,41,129.71,SELL,2024-10-15 14:44:13
ORD02902,CEPU,24,BUY,407,395.01,SELL,2024-09-13 12:40:36
ORD03360,MGLU,8,SELL,409,263.13,BUY,2024-12-31 15:05:58
ORD00626,ADBE,33,SELL,25,147.8,BUY,2024-01-17 10:46:44
ORD02734,ARCO,14,BUY,435,433.71,SELL,2024-10-17 10:12:29
ORD03833,MAG,22,BUY,220,78.85,SELL,2024-12-16 14:07:41
ORD01347,SOFI,1,SELL,78,433.25,BUY,2024-05-08 11:53:51
ORD00570,QCOM,19,BUY,365,462.62,SELL,2024-01-25 10:45:13
ORD03907,MARA,6,BUY,486,132.28,SELL,2024-10-07 11:56:38
ORD01759,CHGG,21,SELL,354,293.54,BUY,2024-01-08 10:18:34
ORD01817,UPST,21,BUY,171,449.59,SELL,2024-04-10 14:46:55
ORD02066,WMT,27,BUY,67,140.84,SELL,2024-02-23 15:55:12
ORD00128,AMZN,1,SELL,24,189.99,BUY,2024-06-10 13:25:44
ORD03395,RENT,39,BUY,142,423.98,SELL,2024-12-19 14:18:07
ORD03328,MGLU,9,BUY,152,253.96,SELL,2024-12-31 11:32:08
ORD03969,BITF,29,SELL,119,282.68,BUY,2024-04-15 15:24:23
ORD02007,ETSY,29,SELL,172,299.77,BUY,2024-12-09 14:35:16
ORD02976,BIOX,9,SELL,173,99.07,BUY,2024-05-08 15:22:45
ORD00981,SQ,6,BUY,358,24.9,SELL,2024-02-08 15:54:01
ORD03965,BITF,5,BUY,110,287.23,SELL,2024-04-15 14:07:02
ORD00191,TSLA,17,BUY,119,134.89,SELL,2024-12-23 15:21:29
ORD01140,PLTR,16,SELL,289,112.57,BUY,2024-10-08 09:48:13
ORD00993,SQ,4,SELL,22,25.46,BUY,2024-02-08 15:35:02
ORD00700,PYPL,33,SELL,252,99.39,BUY,2024-01-25 10:17:00
ORD03636,HL,1,SELL,347,116.46,BUY,2024-07-10 09:58:30
ORD00607,ADBE,15,SELL,229,152.05,BUY,2024-01-17 15:11:39
ORD00181,TSLA,30,BUY,495,143.08,SELL,2024-12-23 11:26:24
ORD00302,NFLX,5,SELL,162,298.85,BUY,2024-11-05 12:11:57
ORD02545,MELI,34,SELL,387,76.23,BUY,2024-02-16 09:35:58
ORD03684,FSM,10,BUY,220,127.88,SELL,2024-09-23 12:44:05
ORD03699,FSM,8,BUY,378,125.6,SELL,2024-09-23 13:08:11
ORD01061,ZM,12,SELL,390,305.49,BUY,2024-11-04 14:28:45
ORD03760,EXK,2,BUY,239,401.1,SELL,2024-06-14 15:46:54
ORD03835,MAG,14,SELL,164,85.5,BUY,2024-12-16 12:02:43
ORD02566,NU,9,BUY,61,72.57,SELL,2024-09-06 12:14:33
ORD03985,BITF,10,SELL,359,264.37,BUY,2024-04-15 15:54:52
ORD01070,ZM,14,SELL,187,276.77,BUY,2024-11-04 13:25:02
ORD02525,MELI,23,BUY,50,73.74,SELL,2024-02-16 14:22:43
ORD02206,RDFN,20,BUY,230,456.14,SELL,2024-10-30 13:53:41
ORD01244,HOOD,34,BUY,394,59.17,SELL,2024-07-02 10:32:35
ORD03244,BRKM,29,BUY,477,65.17,SELL,2024-09-05 09:53:12
ORD00017,AAPL,10,BUY,444,173.31,SELL,2024-08-27 12:06:12
ORD03121,PBR,39,BUY,471,276.18,SELL,2024-05-01 15:41:23
ORD03972,BITF,16,SELL,22,267.28,BUY,2024-04-15 13:32:06
ORD00547,CSCO,37,SELL,137,98.0,BUY,2024-12-17 11:26:56
ORD00659,CRM,37,SELL,313,115.22,BUY,2024-06-10 11:18:39
ORD03599,AG,5,BUY,249,132.99,SELL,2024-11-12 09:44:34
ORD03068,CAAP,29,BUY,101,63.81,SELL,2024-10-11 10:56:49
ORD03642,CDE,8,SELL,354,523.5,BUY,2024-05-28 12:12:16
ORD01505,XPEV,6,BUY,426,380.85,SELL,2024-08-02 09:50:38
ORD00960,SHOP,15,SELL,209,164.26,BUY,2024-03-29 15:31:52
ORD02927,IRSA,4,SELL,25,49.63,BUY,2024-02-01 09:40:44
ORD02332,ABNB,3,BUY,60,412.67,SELL,2024-11-06 13:15:51
ORD00798,LYFT,32,SELL,76,230.89,BUY,2024-09-02 14:00:15
ORD03349,MGLU,15,SELL,79,233.18,BUY,2024-12-31 11:30:39
ORD00226,META,11,BUY,177,66.38,SELL,2024-03-04 13:27:45
ORD02075,WMT,5,SELL,479,157.09,BUY,2024-02-23 09:46:29
ORD03355,MGLU,27,SELL,306,238.54,BUY,2024-12-31 11:03:12
ORD01800,DUOL,13,BUY,53,306.9,SELL,2024-09-16 12:17:54
ORD02486,DIDI,1,BUY,42,462.17,SELL,2024-05-27 13:04:58
ORD03948,HUT,35,SELL,81,425.19,BUY,2024-12-04 09:32:23
ORD03437,BEEF,18,SELL,356,218.19,BUY,2024-10-30 10:33:18
ORD02278,COMP,16,BUY,482,422.75,SELL,2024-10-14 15:58:52
ORD02086,CVNA,37,BUY,250,300.12,SELL,2024-03-01 09:50:41
ORD01694,PENN,6,SELL,375,145.98,BUY,2024-10-15 14:01:52
ORD02798,DESP,15,BUY,427,183.74,SELL,2024-08-08 14:33:01
ORD01046,ZM,6,SELL,381,308.46,BUY,2024-11-04 15:54:58
ORD03447,GOLD,2,SELL,373,396.98,BUY,2024-05-07 11:36:47
ORD00470,ORCL,17,BUY,407,27.45,SELL,2024-07-10 12:54:54
ORD00955,SHOP,22,BUY,261,159.25,SELL,2024-03-29 15:28:19
ORD03968,BITF,24,SELL,241,298.14,BUY,2024-04-15 12:47:14
ORD02736,ARCO,31,BUY,453,473.55,SELL,2024-10-17 09:39:29
ORD03842,RIOT,36,SELL,425,358.71,BUY,2024-01-22 13:22:54
ORD00640,ADBE,3,BUY,27,149.99,SELL,2024-01-17 11:50:44
ORD03702,FSM,4,SELL,116,127.89,BUY,2024-09-23 14:56:09
ORD01219,COIN,40,BUY,374,318.95,SELL,2024-09-23 15:28:16
ORD01159,PLTR,20,BUY,443,108.75,SELL,2024-10-08 13:34:58
ORD01416,RIVN,35,SELL,325,182.95,BUY,2024-06-26 11:20:58
ORD03611,HL,20,SELL,17,107.15,BUY,2024-07-10 13:14:06
ORD01528,LI,26,BUY,198,163.89,SELL,2024-10-30 11:53:18
ORD03893,MARA,3,BUY,500,128.73,SELL,2024-10-07 14:38:58
ORD01301,AFRM,24,BUY,119,375.35,SELL,2024-04-02 12:15:17
ORD03882,MARA,17,SELL,198,126.98,BUY,2024-10-07 10:32:12
ORD02849,LOMA,24,SELL,492,28.82,BUY,2024-11-06 11:10:02
ORD01604,SPCE,37,BUY,254,266.24,SELL,2024-07-10 14:41:48
ORD00161,TSLA,1,BUY,468,147.59,SELL,2024-12-23 14:07:42
ORD01705,PENN,34,SELL,107,138.24,BUY,2024-10-15 12:19:03
ORD00957,SHOP,5,BUY,395,150.14,SELL,2024-03-29 11:10:14
ORD03235,BBD,34,SELL,46,167.77,BUY,2024-03-22 14:43:13
ORD02870,LOMA,28,BUY,275,26.31,SELL,2024-11-06 14:13:36
ORD03881,MARA,1,SELL,277,131.02,BUY,2024-10-07 12:10:08
ORD00878,TWTR,30,BUY,19,348.79,SELL,2024-04-15 12:03:22
ORD01920,ROOT,38,BUY,51,312.55,SELL,2024-08-27 13:12:51
ORD02962,BIOX,16,BUY,143,98.45,SELL,2024-05-08 12:23:19
ORD01885,ROOT,16,SELL,120,343.54,BUY,2024-08-27 13:25:59
ORD02201,RDFN,9,SELL,63,444.89,BUY,2024-10-30 10:02:05
ORD00099,GOOGL,32,SELL,186,471.93,BUY,2024-03-18 11:08:32
ORD03770,GPL,29,SELL,62,75.86,BUY,2024-11-20 15:38:04
ORD02558,MELI,20,BUY,63,76.8,SELL,2024-02-16 10:23:34
ORD03184,ITUB,36,SELL,259,101.89,BUY,2024-03-29 11:38:20
ORD03299,SUZB,37,SELL,268,418.37,BUY,2024-02-05 12:09:22
ORD00254,NVDA,34,BUY,252,89.72,SELL,2024-11-05 14:13:48
ORD00104,GOOGL,5,SELL,223,526.0,BUY,2024-03-18 15:43:39
ORD01446,NIO,9,SELL,112,121.08,BUY,2024-02-19 10:24:23
ORD01444,NIO,38,SELL,217,110.33,BUY,2024-02-19 14:49:24
ORD01649,DKNG,11,BUY,26,197.64,SELL,2024-07-10 10:55:53
ORD00587,QCOM,15,BUY,395,459.01,SELL,2024-01-25 13:14:25
ORD00628,ADBE,13,BUY,372,148.21,SELL,2024-01-17 15:59:55
ORD01697,PENN,14,BUY,390,134.77,SELL,2024-10-15 14:03:20
ORD03192,ITUB,28,SELL,408,102.11,BUY,2024-03-29 12:05:30
ORD02102,CVNA,1,BUY,323,287.15,SELL,2024-03-01 12:14:01
ORD02200,EXPI,17,BUY,226,311.7,SELL,2024-02-14 14:31:38
ORD00404,BABA,19,SELL,311,418.19,BUY,2024-01-30 11:14:07
ORD01155,PLTR,12,BUY,118,111.93,SELL,2024-10-08 10:02:45
ORD02256,COMP,40,BUY,227,453.79,SELL,2024-10-14 11:39:55
ORD02864,LOMA,39,BUY,232,25.59,SELL,2024-11-06 09:45:18
ORD01683,PENN,24,BUY,119,127.26,SELL,2024-10-15 13:49:56
ORD03171,ITUB,25,SELL,286,104.83,BUY,2024-03-29 15:05:25
ORD03742,EXK,3,SELL,278,387.26,BUY,2024-06-14 14:02:27
ORD02057,WMT,36,BUY,320,153.41,SELL,2024-02-23 13:53:55
ORD03063,CAAP,24,SELL,314,65.48,BUY,2024-10-11 11:11:23
ORD03792,GPL,13,SELL,348,73.59,BUY,2024-11-20 15:07:44
ORD03109,VALE,5,SELL,291,119.37,BUY,2024-05-31 12:32:29
ORD00453,ORCL,10,SELL,303,29.33,BUY,2024-07-10 15:07:55
ORD02302,HOUS,23,BUY,461,232.47,SELL,2024-09-24 14:30:54
ORD01328,SOFI,23,SELL,141,412.77,BUY,2024-05-08 12:12:19
ORD02945,IRSA,18,SELL,12,47.81,BUY,2024-02-01 15:29:15
ORD02050,WMT,39,BUY,53,147.52,SELL,2024-02-23 13:26:00
ORD00881,SPOT,40,SELL,151,202.12,BUY,2024-12-10 09:42:42
ORD03644,CDE,3,SELL,402,476.48,BUY,2024-05-28 15:44:36
ORD03887,MARA,4,BUY,375,116.39,SELL,2024-10-07 13:14:25
ORD00624,ADBE,10,SELL,184,156.04,BUY,2024-01-17 12:05:54
ORD02394,DASH,40,SELL,109,129.09,BUY,2024-12-25 14:41:01
ORD03691,FSM,24,BUY,11,123.06,SELL,2024-09-23 10:26:24
ORD01788,DUOL,2,SELL,96,318.42,BUY,2024-09-16 15:19:02
ORD00263,NVDA,17,SELL,336,100.11,BUY,2024-11-05 11:28:30
ORD01635,SPCE,14,SELL,38,274.55,BUY,2024-07-10 11:27:32
ORD03370,RENT,19,SELL,476,407.71,BUY,2024-12-19 11:43:57
ORD01439,RIVN,33,BUY,391,185.03,SELL,2024-06-26 10:12:46
ORD02199,EXPI,1,SELL,171,345.88,BUY,2024-02-14 11:27:27
ORD01970,FVRR,40,BUY,498,166.11,SELL,2024-04-05 13:15:37
ORD02521,MELI,3,SELL,6,78.8,BUY,2024-02-16 15:08:20
ORD01803,UPST,22,SELL,242,437.24,BUY,2024-04-10 09:50:19
ORD00641,CRM,9,BUY,271,111.35,SELL,2024-06-10 11:44:02
ORD03983,BITF,28,SELL,167,298.31,BUY,2024-04-15 13:24:13
ORD02386,DASH,25,BUY,474,113.91,SELL,2024-12-25 15:10:38
ORD02599,NU,6,BUY,426,64.88,SELL,2024-09-06 14:32:47
ORD03886,MARA,33,SELL,111,140.77,BUY,2024-10-07 11:27:21
ORD01960,PTON,10,BUY,26,46.9,SELL,2024-12-26 10:25:17
ORD02977,BIOX,3,SELL,63,107.68,BUY,2024-05-08 09:35:30
ORD00489,IBM,39,BUY,389,289.77,SELL,2024-09-11 14:29:59
ORD01844,LMND,1,SELL,60,293.45,BUY,2024-04-02 11:05:28
ORD01735,CHGG,34,SELL,66,326.95,BUY,2024-01-08 15:02:21
ORD02912,CEPU,18,SELL,88,464.65,BUY,2024-09-13 12:05:14
ORD03220,BBD,4,BUY,435,142.43,SELL,2024-03-22 10:05:22
ORD00147,AMZN,13,SELL,268,192.92,BUY,2024-06-10 09:56:32
ORD01535,LI,15,BUY,81,165.75,SELL,2024-10-30 11:04:11
ORD01987,FVRR,12,SELL,113,176.93,BUY,2024-04-05 13:47:00
ORD01370,LCID,26,BUY,450,222.98,SELL,2024-03-13 13:48:16
ORD02451,SEA,30,SELL,322,342.15,BUY,2024-04-02 12:14:25
ORD03913,MARA,20,BUY,437,126.23,SELL,2024-10-07 12:06:03
ORD03003,AGRO,29,BUY,500,84.65,SELL,2024-05-06 10:04:40
ORD02812,VIST,19,BUY,371,287.37,SELL,2024-04-09 13:36:41
ORD00660,CRM,40,SELL,478,111.17,BUY,2024-06-10 10:38:37
ORD01795,DUOL,11,SELL,108,332.02,BUY,2024-09-16 11:16:01
ORD03421,BEEF,33,BUY,235,209.24,SELL,2024-10-30 11:30:57
ORD02512,DIDI,33,BUY,114,497.74,SELL,2024-05-27 11:11:32
ORD03398,RENT,6,BUY,146,403.13,SELL,2024-12-19 13:03:30
ORD00187,TSLA,24,BUY,183,129.7,SELL,2024-12-23 12:40:19
ORD01148,PLTR,19,BUY,77,111.56,SELL,2024-10-08 14:18:29
ORD03273,BRKM,9,SELL,36,68.59,BUY,2024-09-05 09:58:43
ORD00609,ADBE,6,SELL,170,156.57,BUY,2024-01-17 13:29:21
ORD02192,EXPI,15,SELL,12,347.18,BUY,2024-02-14 11:05:11
ORD02800,DESP,26,BUY,218,167.71,SELL,2024-08-08 12:36:42
ORD03583,AG,30,SELL,1,140.6,BUY,2024-11-12 14:07:46
ORD01931,PTON,39,BUY,20,49.36,SELL,2024-12-26 14:31:58
ORD03030,AGRO,2,BUY,116,85.81,SELL,2024-05-06 14:11:31
ORD00198,TSLA,23,SELL,54,136.77,BUY,2024-12-23 15:33:59
ORD03682,FSM,13,SELL,238,140.63,BUY,2024-09-23 14:35:33
ORD02932,IRSA,38,SELL,459,50.3,BUY,2024-02-01 10:16:25
ORD02328,ABNB,37,SELL,153,423.0,BUY,2024-11-06 14:18:08
ORD00294,NFLX,26,BUY,70,250.56,SELL,2024-11-05 15:06:22
ORD00767,LYFT,22,SELL,320,250.86,BUY,2024-09-02 11:32:00
ORD00401,BABA,32,SELL,498,437.01,BUY,2024-01-30 15:14:09
ORD00123,AMZN,11,BUY,410,181.19,SELL,2024-06-10 13:29:11
ORD03256,BRKM,39,BUY,488,66.95,SELL,2024-09-05 09:48:56
ORD00203,META,9,SELL,115,74.86,BUY,2024-03-04 10:02:37
ORD03511,AEM,16,SELL,321,275.26,BUY,2024-02-09 11:47:18
ORD00836,SNAP,10,BUY,288,374.15,SELL,2024-01-09 15:29:38
ORD02295,HOUS,12,BUY,130,225.67,SELL,2024-09-24 09:47:43
ORD01440,RIVN,7,BUY,377,190.08,SELL,2024-06-26 11:16:35
ORD01734,CHGG,36,SELL,114,303.19,BUY,2024-01-08 13:14:48
ORD01696,PENN,35,SELL,453,146.48,BUY,2024-10-15 09:42:02
ORD03900,MARA,23,SELL,404,126.05,BUY,2024-10-07 14:27:58
ORD01708,PENN,20,BUY,394,143.48,SELL,2024-10-15 12:34:15
ORD03879,RIOT,17,SELL,5,372.71,BUY,2024-01-22 14:38:12
ORD01154,PLTR,14,BUY,40,114.98,SELL,2024-10-08 14:29:45
ORD01662,DKNG,4,BUY,478,198.47,SELL,2024-07-10 15:33:26
ORD03475,GOLD,29,BUY,284,351.81,SELL,2024-05-07 14:12:46
ORD02433,GRAB,4,BUY,122,54.82,SELL,2024-07-18 12:25:29
ORD03751,EXK,23,BUY,305,380.93,SELL,2024-06-14 13:23:38
ORD01760,CHGG,23,SELL,355,324.3,BUY,2024-01-08 15:25:48
ORD00855,TWTR,40,SELL,259,401.78,BUY,2024-04-15 14:43:57
ORD01590,BYND,8,BUY,139,383.13,SELL,2024-09-17 13:26:22
ORD02268,COMP,22,SELL,475,432.76,BUY,2024-10-14 10:47:45
ORD00642,CRM,19,BUY,29,112.03,SELL,2024-06-10 14:07:34
ORD00002,AAPL,30,SELL,89,160.1,BUY,2024-08-27 15:45:10
ORD02161,EXPI,39,BUY,11,344.07,SELL,2024-02-14 13:17:22
ORD00699,PYPL,29,SELL,437,97.58,BUY,2024-01-25 11:27:50
ORD03914,MARA,14,SELL,449,132.76,BUY,2024-10-07 10:22:14
ORD03000,BIOX,13,BUY,108,100.36,SELL,2024-05-08 12:33:49
ORD03697,FSM,9,BUY,184,129.48,SELL,2024-09-23 14:45:53
ORD01637,SPCE,18,SELL,185,255.78,BUY,2024-07-10 12:13:22
ORD03185,ITUB,2,SELL,445,104.73,BUY,2024-03-29 15:57:01
ORD03459,GOLD,1,BUY,229,327.03,SELL,2024-05-07 12:19:30
ORD03458,GOLD,38,BUY,188,334.58,SELL,2024-05-07 13:01:43
ORD03582,AG,4,BUY,336,135.79,SELL,2024-11-12 10:15:27
ORD01292,AFRM,23,SELL,421,432.42,BUY,2024-04-02 12:14:32
ORD03806,MAG,12,BUY,191,81.02,SELL,2024-12-16 15:59:59
ORD02490,DIDI,14,BUY,79,471.58,SELL,2024-05-27 11:35:09
ORD01521,LI,2,SELL,215,177.34,BUY,2024-10-30 15:37:23
ORD01854,LMND,19,SELL,16,313.48,BUY,2024-04-02 15:56:12
ORD01137,PLTR,3,BUY,323,111.65,SELL,2024-10-08 15:35:06
ORD03305,SUZB,1,SELL,251,401.6,BUY,2024-02-05 12:06:06
ORD03863,RIOT,31,SELL,320,327.94,BUY,2024-01-22 13:52:38
ORD01632,SPCE,2,BUY,297,245.15,SELL,2024-07-10 13:52:20
ORD03744,EXK,16,BUY,209,397.28,SELL,2024-06-14 15:27:09
ORD03446,GOLD,15,SELL,378,350.5,BUY,2024-05-07 10:35:23
ORD01999,FVRR,33,SELL,50,186.85,BUY,2024-04-05 13:02:46
ORD00664,CRM,31,BUY,399,107.57,SELL,2024-06-10 11:06:54
ORD00684,PYPL,27,SELL,396,108.84,BUY,2024-01-25 12:45:45
ORD01258,HOOD,30,SELL,351,62.11,BUY,2024-07-02 10:31:50
ORD03767,GPL,40,SELL,41,74.3,BUY,2024-11-20 15:18:42
ORD03749,EXK,29,SELL,180,416.06,BUY,2024-06-14 15:21:25
ORD00318,NFLX,2,SELL,377,295.09,BUY,2024-11-05 12:26:14
ORD00649,CRM,2,SELL,288,114.71,BUY,2024-06-10 15:53:57
ORD01435,RIVN,11,BUY,291,170.39,SELL,2024-06-26 15:25:36
ORD01480,NIO,29,BUY,312,114.52,SELL,2024-02-19 13:10:13
ORD00710,PYPL,39,BUY,463,102.8,SELL,2024-01-25 11:16:12
ORD03431,BEEF,5,BUY,205,200.83,SELL,2024-10-30 11:58:42
ORD01283,AFRM,15,BUY,280,385.98,SELL,2024-04-02 11:50:35
ORD01769,DUOL,30,SELL,194,349.3,BUY,2024-09-16 15:33:31
ORD00973,SQ,3,BUY,269,23.21,SELL,2024-02-08 12:32:59
ORD02676,PAGS,4,BUY,156,75.2,SELL,2024-01-02 12:30:38
ORD02681,GLOB,36,SELL,477,48.97,BUY,2024-04-02 13:41:39
ORD01307,AFRM,29,BUY,75,413.21,SELL,2024-04-02 11:54:33
ORD01401,RIVN,3,SELL,386,182.03,BUY,2024-06-26 15:34:48
ORD01409,RIVN,27,SELL,240,179.07,BUY,2024-06-26 10:13:01
ORD03297,SUZB,23,BUY,462,426.56,SELL,2024-02-05 11:39:08
ORD02238,RDFN,8,SELL,399,487.07,BUY,2024-10-30 14:09:50
ORD03303,SUZB,21,SELL,261,448.38,BUY,2024-02-05 09:42:11
ORD01497,XPEV,13,BUY,432,370.07,SELL,2024-08-02 14:47:22
ORD03420,BEEF,21,SELL,424,232.07,BUY,2024-10-30 15:24:28
ORD02039,ETSY,3,BUY,435,296.8,SELL,2024-12-09 12:55:19
ORD01530,LI,25,SELL,233,182.03,BUY,2024-10-30 14:40:26
ORD01664,DKNG,21,SELL,329,194.4,BUY,2024-07-10 14:20:48
ORD01355,SOFI,30,SELL,353,400.75,BUY,2024-05-08 14:01:03
ORD03896,MARA,22,BUY,378,122.57,SELL,2024-10-07 11:11:17
ORD03924,HUT,24,SELL,91,387.26,BUY,2024-12-04 15:33:52
ORD03628,HL,33,SELL,6,116.97,BUY,2024-07-10 10:36:49
ORD01644,DKNG,16,SELL,495,211.19,BUY,2024-07-10 09:44:55
ORD01052,ZM,28,SELL,370,279.65,BUY,2024-11-04 10:09:45
ORD00796,LYFT,24,BUY,61,216.24,SELL,2024-09-02 11:02:13
ORD02694,GLOB,9,SELL,434,46.44,BUY,2024-04-02 14:53:31
ORD03061,CAAP,14,BUY,121,57.73,SELL,2024-10-11 12:41:14
ORD01598,BYND,23,SELL,318,409.84,BUY,2024-09-17 14:50:49
ORD02605,STNE,24,SELL,71,329.3,BUY,2024-10-31 13:10:35
ORD02730,ARCO,38,SELL,313,494.27,BUY,2024-10-17 11:49:25
ORD02626,STNE,29,BUY,320,354.26,SELL,2024-10-31 11:32:12
ORD01820,UPST,1,SELL,52,469.92,BUY,2024-04-10 11:54:00
ORD03158,PBR,19,SELL,476,295.58,BUY,2024-05-01 12:38:37
ORD03315,SUZB,16,SELL,37,410.85,BUY,2024-02-05 13:08:58
ORD01723,CHGG,26,SELL,141,316.64,BUY,2024-01-08 13:09:57
ORD01184,RBLX,16,SELL,187,97.62,BUY,2024-12-20 10:31:17
ORD02573,NU,32,SELL,475,77.81,BUY,2024-09-06 14:19:31
ORD01060,ZM,11,SELL,159,289.89,BUY,2024-11-04 14:21:26
ORD00541,CSCO,15,BUY,190,98.49,SELL,2024-12-17 10:12:54
ORD03243,BRKM,2,SELL,267,70.62,BUY,2024-09-05 14:57:59
ORD01679,DKNG,34,SELL,118,211.4,BUY,2024-07-10 11:05:56
ORD02797,DESP,29,BUY,186,163.75,SELL,2024-08-08 11:28:34
ORD03851,RIOT,23,SELL,323,373.84,BUY,2024-01-22 11:50:12
ORD03479,GOLD,33,SELL,488,395.96,BUY,2024-05-07 15:36:59
ORD02533,MELI,9,BUY,352,72.09,SELL,2024-02-16 14:57:27
ORD01758,CHGG,25,BUY,237,308.35,SELL,2024-01-08 10:22:20
ORD01924,PTON,18,BUY,435,51.1,SELL,2024-12-26 13:12:44
ORD00096,GOOGL,12,SELL,144,484.41,BUY,2024-03-18 10:11:57
ORD01021,ROKU,25,BUY,243,249.05,SELL,2024-05-15 09:56:28
ORD00564,QCOM,11,SELL,332,459.67,BUY,2024-01-25 14:55:09
ORD03313,SUZB,9,SELL,178,414.11,BUY,2024-02-05 15:08:16
ORD02791,DESP,38,SELL,393,181.86,BUY,2024-08-08 13:29:54
ORD00864,TWTR,23,BUY,113,350.39,SELL,2024-04-15 12:06:04
ORD03647,CDE,32,BUY,6,497.15,SELL,2024-05-28 15:06:20
ORD03763,GPL,3,SELL,368,78.08,BUY,2024-11-20 10:03:40
ORD01485,XPEV,31,BUY,129,331.73,SELL,2024-08-02 14:13:36
ORD02940,IRSA,29,BUY,457,47.82,SELL,2024-02-01 12:27:30
ORD03626,HL,36,BUY,216,105.55,SELL,2024-07-10 10:40:49
ORD01882,ROOT,20,SELL,383,333.42,BUY,2024-08-27 15:24:40
ORD01039,ROKU,37,BUY,226,230.67,SELL,2024-05-15 13:07:32
ORD00207,META,34,BUY,53,71.41,SELL,2024-03-04 12:02:17
ORD00393,AMD,20,SELL,397,118.78,BUY,2024-04-24 14:35:21
ORD02843,LOMA,14,SELL,393,31.19,BUY,2024-11-06 09:50:38
ORD00871,TWTR,6,BUY,221,349.34,SELL,2024-04-15 15:18:57
ORD00398,AMD,34,SELL,376,107.68,BUY,2024-04-24 13:52:12
ORD02815,VIST,8,BUY,205,317.75,SELL,2024-04-09 12:11:38
ORD03840,MAG,3,BUY,388,78.78,SELL,2024-12-16 10:55:08
ORD03290,SUZB,5,BUY,486,420.36,SELL,2024-02-05 12:02:05
ORD01029,ROKU,8,SELL,124,272.24,BUY,2024-05-15 12:38:01
ORD02691,GLOB,26,SELL,13,48.38,BUY,2024-04-02 13:38:00
ORD01486,XPEV,5,BUY,459,380.77,SELL,2024-08-02 14:36:41
ORD02661,PAGS,30,BUY,418,68.39,SELL,2024-01-02 15:37:05
ORD03811,MAG,16,BUY,220,84.62,SELL,2024-12-16 11:16:34
ORD00961,SQ,24,BUY,409,22.89,SELL,2024-02-08 14:52:43
ORD01571,BYND,37,SELL,228,368.42,BUY,2024-09-17 13:33:13
ORD02774,DESP,16,BUY,281,168.89,SELL,2024-08-08 15:43:20
ORD01896,ROOT,21,SELL,58,331.72,BUY,2024-08-27 10:52:45
ORD02732,ARCO,24,SELL,205,466.43,BUY,2024-10-17 13:04:54
ORD02147,OPEN,40,SELL,6,471.79,BUY,2024-03-25 11:53:04
ORD00805,SNAP,2,BUY,417,371.14,SELL,2024-01-09 12:22:38
ORD01752,CHGG,27,SELL,286,312.26,BUY,2024-01-08 15:59:29
ORD03646,CDE,6,SELL,73,457.08,BUY,2024-05-28 11:00:07
ORD02455,SEA,10,SELL,261,334.05,BUY,2024-04-02 10:22:48
ORD00503,IBM,36,SELL,368,272.95,BUY,2024-09-11 13:44:39
ORD03120,VALE,28,BUY,273,117.57,SELL,2024-05-31 10:42:22
ORD03105,VALE,16,BUY,83,104.42,SELL,2024-05-31 14:53:25
ORD02978,BIOX,4,SELL,483,111.87,BUY,2024-05-08 13:27:18
ORD00780,LYFT,5,SELL,301,226.49,BUY,2024-09-02 11:33:15
ORD01864,LMND,9,BUY,120,307.8,SELL,2024-04-02 14:20:57
ORD00201,META,18,BUY,377,66.77,SELL,2024-03-04 13:01:42
ORD02183,EXPI,12,BUY,193,313.28,SELL,2024-02-14 12:49:42
ORD03100,VALE,8,SELL,427,114.16,BUY,2024-05-31 13:14:16
ORD02089,CVNA,21,SELL,36,330.95,BUY,2024-03-01 14:41:40
ORD03066,CAAP,23,BUY,346,64.76,SELL,2024-10-11 12:32:50
ORD02279,COMP,17,SELL,326,468.38,BUY,2024-10-14 09:33:35
ORD03562,AG,6,BUY,488,130.07,SELL,2024-11-12 11:30:04
ORD01797,DUOL,39,SELL,336,344.19,BUY,2024-09-16 15:47:54
ORD00379,AMD,5,BUY,370,109.94,SELL,2024-04-24 12:57:03
ORD02337,ABNB,19,BUY,119,404.65,SELL,2024-11-06 13:21:03
ORD00419,BABA,38,BUY,122,433.34,SELL,2024-01-30 13:28:28
ORD01699,PENN,3,BUY,433,140.22,SELL,2024-10-15 13:28:51
ORD00392,AMD,10,BUY,300,103.43,SELL,2024-04-24 12:26:37
ORD02641,PAGS,26,BUY,450,67.99,SELL,2024-01-02 13:00:44
ORD01523,LI,11,SELL,299,166.7,BUY,2024-10-30 13:38:49
ORD01163,RBLX,30,BUY,246,100.07,SELL,2024-12-20 11:06:26
ORD03135,PBR,10,SELL,145,269.69,BUY,2024-05-01 12:20:50
ORD01496,XPEV,37,SELL,262,371.15,BUY,2024-08-02 10:53:43
ORD02696,GLOB,38,BUY,416,45.59,SELL,2024-04-02 15:56:11
ORD02028,ETSY,27,SELL,355,320.27,BUY,2024-12-09 14:22:58
ORD01153,PLTR,5,SELL,21,113.83,BUY,2024-10-08 09:51:31
ORD01368,LCID,14,SELL,355,259.34,BUY,2024-03-13 13:03:44
ORD02569,NU,20,BUY,85,67.42,SELL,2024-09-06 12:08:47
ORD00065,MSFT,12,SELL,281,14.56,BUY,2024-05-08 12:57:54
ORD02063,WMT,19,BUY,283,143.59,SELL,2024-02-23 14:49:53
ORD01181,RBLX,23,SELL,323,102.47,BUY,2024-12-20 14:36:09
ORD03113,VALE,26,SELL,290,110.74,BUY,2024-05-31 12:21:46
ORD00493,IBM,27,BUY,409,264.5,SELL,2024-09-11 14:26:07
ORD00380,AMD,13,SELL,376,111.91,BUY,2024-04-24 10:54:06
ORD02236,RDFN,18,SELL,117,491.63,BUY,2024-10-30 10:59:29
ORD00764,LYFT,34,SELL,172,245.24,BUY,2024-09-02 14:26:58
ORD02265,COMP,37,SELL,148,496.21,BUY,2024-10-14 15:05:54
ORD00792,LYFT,16,SELL,301,252.18,BUY,2024-09-02 09:43:11
ORD01077,ZM,38,SELL,361,292.99,BUY,2024-11-04 13:27:50
ORD00879,TWTR,9,SELL,437,398.25,BUY,2024-04-15 15:06:55
ORD00338,INTC,29,SELL,404,78.4,BUY,2024-07-29 10:05:54
ORD03821,MAG,36,SELL,58,84.56,BUY,2024-12-16 12:16:15
ORD02768,DESP,9,BUY,286,176.22,SELL,2024-08-08 13:40:28
ORD03797,GPL,38,SELL,205,70.79,BUY,2024-11-20 15:04:49
ORD02344,ABNB,6,SELL,41,471.77,BUY,2024-11-06 15:14:14
ORD03774,GPL,25,BUY,61,73.39,SELL,2024-11-20 15:19:41
ORD01017,ROKU,6,BUY,386,245.74,SELL,2024-05-15 15:54:44
ORD01276,HOOD,31,SELL,3,56.3,BUY,2024-07-02 10:36:34
ORD03799,GPL,23,BUY,234,75.94,SELL,2024-11-20 12:02:49
ORD03534,KGC,10,BUY,361,99.73,SELL,2024-02-19 10:46:52
ORD00456,ORCL,18,SELL,175,30.95,BUY,2024-07-10 14:04:53
ORD03343,MGLU,39,BUY,161,227.8,SELL,2024-12-31 11:12:54
ORD00816,SNAP,39,BUY,141,388.0,SELL,2024-01-09 12:49:16
ORD02318,HOUS,25,BUY,382,219.44,SELL,2024-09-24 11:33:08
ORD00996,SQ,11,BUY,62,23.67,SELL,2024-02-08 10:41:29
ORD01982,FVRR,5,BUY,436,163.75,SELL,2024-04-05 11:37:19
ORD00202,META,40,SELL,142,73.09,BUY,2024-03-04 13:37:21
ORD00162,TSLA,39,SELL,250,153.67,BUY,2024-12-23 14:15:43
ORD01580,BYND,38,SELL,390,364.51,BUY,2024-09-17 10:24:08
ORD02778,DESP,18,BUY,314,185.49,SELL,2024-08-08 15:34:42
ORD02450,SEA,38,BUY,146,314.3,SELL,2024-04-02 15:14:56
ORD00703,PYPL,25,BUY,442,90.16,SELL,2024-01-25 13:59:10
ORD01501,XPEV,19,SELL,204,360.78,BUY,2024-08-02 10:12:05
ORD03894,MARA,25,SELL,474,127.87,BUY,2024-10-07 11:17:08
ORD03844,RIOT,8,SELL,319,359.4,BUY,2024-01-22 14:57:07
ORD01130,PLTR,25,SELL,22,111.1,BUY,2024-10-08 10:18:29
ORD02614,STNE,5,BUY,413,311.11,SELL,2024-10-31 13:18:46
ORD03462,GOLD,35,SELL,45,393.75,BUY,2024-05-07 13:49:34
ORD01022,ROKU,16,BUY,467,260.43,SELL,2024-05-15 10:49:35
ORD03074,CAAP,4,SELL,404,67.93,BUY,2024-10-11 15:45:09
ORD03460,GOLD,40,BUY,159,375.38,SELL,2024-05-07 12:22:37
ORD01586,BYND,17,SELL,477,392.52,BUY,2024-09-17 09:33:39
ORD01956,PTON,34,SELL,155,50.65,BUY,2024-12-26 12:46:30
ORD03153,PBR,15,SELL,280,297.67,BUY,2024-05-01 11:50:23
ORD02254,COMP,39,SELL,120,453.57,BUY,2024-10-14 11:22:00
ORD00035,AAPL,24,BUY,2,158.95,SELL,2024-08-27 15:51:13
ORD00776,LYFT,26,BUY,1,238.27,SELL,2024-09-02 09:38:39
ORD02557,MELI,25,BUY,474,66.55,SELL,2024-02-16 10:34:41
ORD03500,AEM,9,BUY,68,259.76,SELL,2024-02-09 10:18:49
ORD01479,NIO,33,BUY,167,115.67,SELL,2024-02-19 13:37:03
ORD03004,AGRO,32,BUY,62,84.4,SELL,2024-05-06 14:00:32
ORD01391,LCID,3,SELL,138,237.04,BUY,2024-03-13 10:33:02
ORD02140,OPEN,28,BUY,354,452.45,SELL,2024-03-25 14:38:58
ORD01364,LCID,24,BUY,400,246.53,SELL,2024-03-13 14:51:21
ORD02946,IRSA,6,BUY,60,50.61,SELL,2024-02-01 15:16:45
ORD02613,STNE,21,SELL,397,327.34,BUY,2024-10-31 13:18:29
ORD03418,BEEF,34,SELL,485,239.15,BUY,2024-10-30 12:12:23
ORD02825,VIST,5,SELL,333,304.72,BUY,2024-04-09 13:28:22
ORD02042,WMT,16,SELL,348,158.55,BUY,2024-02-23 13:38:23
ORD00242,NVDA,21,BUY,416,98.03,SELL,2024-11-05 10:03:30
ORD02062,WMT,25,SELL,118,147.19,BUY,2024-02-23 10:35:51
ORD02364,DASH,38,BUY,311,116.89,SELL,2024-12-25 11:16:00
ORD00601,ADBE,28,SELL,241,158.16,BUY,2024-01-17 15:18:39
ORD02436,GRAB,19,BUY,206,57.79,SELL,2024-07-18 11:16:25
ORD01298,AFRM,26,SELL,407,388.32,BUY,2024-04-02 15:38:57
ORD02215,RDFN,2,BUY,483,421.13,SELL,2024-10-30 15:44:00
ORD02889,CEPU,16,SELL,227,415.36,BUY,2024-09-13 12:48:16
ORD02069,WMT,13,SELL,316,166.16,BUY,2024-02-23 10:47:17
ORD00647,CRM,33,SELL,129,114.96,BUY,2024-06-10 12:50:30
ORD03891,MARA,29,SELL,344,141.4,BUY,2024-10-07 11:19:57
ORD03557,KGC,3,BUY,124,103.87,SELL,2024-02-19 15:33:49
ORD03203,BBD,22,SELL,287,166.54,BUY,2024-03-22 15:53:37
ORD01529,LI,30,BUY,453,152.93,SELL,2024-10-30 13:02:14
ORD02880,LOMA,26,SELL,473,28.99,BUY,2024-11-06 15:51:24
ORD01268,HOOD,7,SELL,373,58.93,BUY,2024-07-02 12:15:50
ORD03639,HL,34,BUY,226,109.49,SELL,2024-07-10 12:08:20
ORD01900,ROOT,32,SELL,238,342.44,BUY,2024-08-27 10:50:26
ORD00563,QCOM,31,BUY,41,485.92,SELL,2024-01-25 09:49:51
ORD03951,HUT,26,BUY,102,400.45,SELL,2024-12-04 15:25:46
ORD02735,ARCO,15,BUY,59,443.45,SELL,2024-10-17 13:23:33
ORD03006,AGRO,16,SELL,136,100.69,BUY,2024-05-06 12:19:56
ORD00190,TSLA,16,BUY,127,147.6,SELL,2024-12-23 14:06:41
ORD01807,UPST,12,BUY,371,414.08,SELL,2024-04-10 15:11:26
ORD00976,SQ,32,SELL,252,23.94,BUY,2024-02-08 13:23:21
ORD02748,ARCO,26,BUY,311,461.1,SELL,2024-10-17 14:45:22
ORD03548,KGC,30,BUY,174,102.57,SELL,2024-02-19 14:56:23
ORD02048,WMT,8,SELL,64,149.85,BUY,2024-02-23 14:23:15
ORD03754,EXK,15,BUY,308,415.81,SELL,2024-06-14 11:12:31
ORD02559,MELI,19,BUY,166,69.1,SELL,2024-02-16 10:04:02
ORD01083,DOCU,9,BUY,477,49.4,SELL,2024-04-26 12:43:13
ORD00475,ORCL,7,SELL,492,32.2,BUY,2024-07-10 10:53:02
ORD03633,HL,5,BUY,82,101.56,SELL,2024-07-10 15:40:18
ORD02905,CEPU,35,SELL,187,459.44,BUY,2024-09-13 14:49:26
ORD00748,UBER,30,SELL,285,493.65,BUY,2024-03-12 15:21:21
ORD02301,HOUS,13,SELL,334,231.67,BUY,2024-09-24 15:52:23
ORD00022,AAPL,27,BUY,39,168.94,SELL,2024-08-27 12:04:17
ORD03386,RENT,11,SELL,57,430.31,BUY,2024-12-19 13:25:20
ORD00460,ORCL,5,SELL,394,29.89,BUY,2024-07-10 11:31:00
ORD01185,RBLX,40,SELL,24,103.46,BUY,2024-12-20 14:51:38
ORD02325,ABNB,14,BUY,191,408.87,SELL,2024-11-06 11:55:52
ORD00956,SHOP,9,SELL,26,171.22,BUY,2024-03-29 15:00:27
ORD01216,COIN,24,BUY,177,313.92,SELL,2024-09-23 13:14:29
ORD02434,GRAB,33,SELL,33,62.52,BUY,2024-07-18 13:25:43
ORD02854,LOMA,15,SELL,432,31.2,BUY,2024-11-06 10:23:31
ORD03486,AEM,1,BUY,11,279.64,SELL,2024-02-09 15:11:54
ORD01516,XPEV,38,SELL,227,363.53,BUY,2024-08-02 12:36:27
ORD02392,DASH,16,SELL,441,129.71,BUY,2024-12-25 13:02:28
ORD00770,LYFT,7,SELL,478,239.45,BUY,2024-09-02 10:42:24
ORD03381,RENT,36,SELL,149,421.2,BUY,2024-12-19 10:32:06
ORD01686,PENN,12,SELL,230,145.6,BUY,2024-10-15 12:13:39
ORD00131,AMZN,18,SELL,333,192.61,BUY,2024-06-10 15:17:21
ORD03736,EXK,24,SELL,452,429.24,BUY,2024-06-14 13:57:52
ORD02920,CEPU,3,SELL,108,433.22,BUY,2024-09-13 12:32:31
ORD03172,ITUB,39,SELL,47,102.14,BUY,2024-03-29 14:19:01
ORD03445,GOLD,16,BUY,447,344.23,SELL,2024-05-07 13:09:00
ORD02136,OPEN,4,BUY,251,455.29,SELL,2024-03-25 15:29:03
ORD01483,XPEV,26,BUY,360,333.15,SELL,2024-08-02 09:55:13
ORD00331,INTC,31,BUY,327,70.71,SELL,2024-07-29 11:52:23
ORD01239,COIN,30,BUY,159,320.26,SELL,2024-09-23 12:18:42
ORD00467,ORCL,29,BUY,400,30.77,SELL,2024-07-10 14:54:51
ORD02170,EXPI,33,SELL,199,359.9,BUY,2024-02-14 09:50:25
ORD01639,SPCE,26,SELL,447,256.97,BUY,2024-07-10 10:34:28
ORD03093,VALE,34,SELL,401,115.71,BUY,2024-05-31 14:36:53
ORD03773,GPL,20,SELL,301,70.54,BUY,2024-11-20 10:53:21
ORD01096,DOCU,19,BUY,386,49.4,SELL,2024-04-26 10:50:51
ORD01131,PLTR,26,BUY,219,108.39,SELL,2024-10-08 10:51:50
ORD01295,AFRM,34,SELL,140,435.01,BUY,2024-04-02 13:52:12
ORD00861,TWTR,26,BUY,42,341.06,SELL,2024-04-15 13:31:24
ORD03508,AEM,14,BUY,471,256.23,SELL,2024-02-09 11:07:28
ORD03175,ITUB,4,BUY,436,103.84,SELL,2024-03-29 13:00:23
